USE restaurant_ver_1;

DELETE FROM customer;
DELETE FROM transactions;
DELETE FROM orders;
DELETE FROM diningTable;
DELETE FROM reservation;
DELETE FROM membership;
DELETE FROM menu;
DELETE FROM ingredient;
DELETE FROM supplier;
DELETE FROM personel;
DELETE FROM delivery;
DELETE FROM recipe;
DELETE FROM orderDetail;






INSERT INTO customer VALUES 

('1ID', 'Carolynn', 'Cafferky', '25926 Corscot Circle', '4188084439'),
('2ID', 'Marjory', 'Skellen', '46822 Toban Road', '5978420950'),
('3ID', 'Meghann', 'Wratten', '56 Colorado Point', '4956342906'),
('4ID', 'Ericha', 'Hugonet', '030 Morningstar Terrace', '6324386069'),
('5ID', 'Vinita', 'Prinne', '7 Cherokee Hill', '8182102115'),
('6ID', 'Silvana', 'Senussi', '68 Fieldstone Junction', '3287195842'),
('7ID', 'Way', 'Sonnenschein', '45675 Maryland Circle', '9783621609'),
('8ID', 'Jedediah', 'Befroy', '59 Dapin Point', '1113621996'),
('9ID', 'Roderigo', 'Yegorkin', '1723 Bonner Avenue', '5777293922'),
('10ID', 'Rhianon', 'Staite', '761 Warbler Crossing', '6968868532'),
('11ID', 'Cheryl', 'Coite', '417 Hudson Place', '5852430760'),
('12ID', 'Karon', 'Hadcroft', '982 Lukken Court', '7412773779'),
('13ID', 'Kata', 'Cansdall', '50881 Kim Parkway', '8487968644'),
('14ID', 'Yard', 'Langfat', '86 Dawn Circle', '5773386804'),
('15ID', 'Carola', 'Adamson', '2 Eagle Crest Junction', '9199586698'),
('16ID', 'Taryn', 'Fernanando', '0 Comanche Crossing', '9402706646'),
('17ID', 'Inez', 'Sorby', '617 Scoville Crossing', '8312535823'),
('18ID', 'Drucill', 'Avann', '404 Havey Crossing', '7171787595'),
('19ID', 'Marget', 'Henrique', '0 Hansons Way', '8067409793'),
('20ID', 'Faythe', 'Nowlan', '3536 Almo Alley', '5413298035'),
('21ID', 'Aurel', 'Volk', '33 Green Center', '5088808137'),
('22ID', 'Peadar', 'Duffrie', '55 Hoepker Street', '2423767758'),
('23ID', 'Cecil', 'Riggert', '73 Bonner Place', '4816949655'),
('24ID', 'Smitty', 'Zapater', '2367 Anniversary Center', '8005434089'),
('25ID', 'Anders', 'Hattersley', '2137 Sheridan Road', '3553250662'),
('26ID', 'Hasty', 'Scallon', '66 Tennyson Plaza', '6418436289'),
('27ID', 'Halley', 'Cockland', '7 Nova Road', '9742672631'),
('28ID', 'Gillie', 'Klich', '3 Arapahoe Place', '5775198165'),
('29ID', 'Vivian', 'Jovis', '46 Fulton Pass', '2285995973'),
('30ID', 'Case', 'Daborn', '359 Memorial Lane', '7307742598'),
('31ID', 'Ruttger', 'Lemin', '79 Pond Park', '3897809084'),
('32ID', 'Eric', 'Redmore', '1 Hanover Parkway', '1105854903'),
('33ID', 'Trenna', 'Armin', '93 Florence Road', '2747667368'),
('34ID', 'Dorothee', 'Messam', '84 Stoughton Parkway', '7227291339'),
('35ID', 'Adolphe', 'Hollier', '9 Ilene Plaza', '8884532680'),
('36ID', 'Basil', 'Pointon', '4 Duke Way', '4363895490'),
('37ID', 'Evy', 'Cathrall', '90 Mitchell Center', '9354780608'),
('38ID', 'Xavier', 'Mattam', '1 Fordem Crossing', '1211550648'),
('39ID', 'Lenna', 'Pickover', '72 Northridge Crossing', '5811117631'),
('40ID', 'Hurley', 'Yurasov', '4835 Scofield Court', '1623991053'),
('41ID', 'Renell', 'Barhams', '12 Dixon Hill', '2364718954'),
('42ID', 'Faith', 'Denidge', '411 Debs Drive', '9846507564'),
('43ID', 'Beatrice', 'Fforde', '2 Fisk Plaza', '2754756735'),
('44ID', 'Nahum', 'Smylie', '719 Coleman Crossing', '4585222700'),
('45ID', 'Benn', 'Legan', '7 Duke Plaza', '8925989678'),
('46ID', 'Henrie', 'Castles', '54 Dovetail Way', '9104229019'),
('47ID', 'Karney', 'Robertsson', '7 Eggendart Alley', '8549903869'),
('48ID', 'Buck', 'Ruttgers', '04 Rutledge Court', '7241012002'),
('49ID', 'Kary', 'MacLese', '0409 Morning Plaza', '1027065034'),
('50ID', 'Hewe', 'Ranyard', '7 Weeping Birch Hill', '7672936622'),
('51ID', 'Rosabel', 'Foulger', '4598 Ridge Oak Court', '6917931144'),
('52ID', 'Val', 'Ashforth', '17588 Barby Center', '2639256636'),
('53ID', 'Myrtice', 'Kiddye', '03 Gale Way', '3866165738'),
('54ID', 'Jacklyn', 'Johl', '55765 Towne Junction', '8308649051'),
('55ID', 'Carlita', 'Zute', '13383 Leroy Crossing', '8395197697'),
('56ID', 'Cordula', 'Lebbern', '81 Birchwood Point', '9173289931'),
('57ID', 'Collete', 'Eye', '0168 Logan Street', '1817956154'),
('58ID', 'Elwyn', 'Barehead', '05 Kennedy Plaza', '7583203776'),
('59ID', 'Cynthea', 'Crompton', '8723 Montana Center', '1379858671'),
('60ID', 'Cello', 'Eden', '70578 Erie Place', '3956211792'),
('61ID', 'Robin', 'Chattey', '9309 Ruskin Center', '8042203865'),
('62ID', 'Latisha', 'Salliss', '63404 Steensland Plaza', '8304276041'),
('63ID', 'Peggie', 'Emlen', '2 Waxwing Center', '3113447519'),
('64ID', 'Valida', 'Freke', '28 Red Cloud Lane', '9673195433'),
('65ID', 'Debbi', 'Logesdale', '07566 Shelley Pass', '5157243925'),
('66ID', 'Vladimir', 'Verdey', '590 Grover Circle', '8175427255'),
('67ID', 'Mayne', 'Boldt', '7804 Pennsylvania Trail', '5355078904'),
('68ID', 'Dav', 'Gulberg', '9 Fairview Road', '9861407317'),
('69ID', 'Ruy', 'Thunnerclef', '37 Macpherson Lane', '6168517848'),
('70ID', 'Aloysius', 'Colloff', '0 Thackeray Center', '8356742354'),
('71ID', 'Skipton', 'Clappson', '0 Waubesa Alley', '8388510975'),
('72ID', 'Putnem', 'Harman', '3393 Ridgeview Circle', '5177788967'),
('73ID', 'Danita', 'Baldini', '0824 Maryland Trail', '9575799643'),
('74ID', 'Kenny', 'Vautrey', '46 Morningstar Junction', '5159560376'),
('75ID', 'Ash', 'Phillips', '2 North Center', '9213696324'),
('76ID', 'Devonne', 'Gartan', '6401 Birchwood Plaza', '5476727396'),
('77ID', 'Reinhold', 'Yanyshev', '72938 Graedel Trail', '2444742844'),
('78ID', 'Roberta', 'Rudderham', '8466 Havey Plaza', '9819697306'),
('79ID', 'Devina', 'Knath', '5 Ludington Street', '9863117583'),
('80ID', 'Celinka', 'Showler', '24339 Norway Maple Drive', '5098523178'),
('81ID', 'Allyn', 'Andrys', '9432 Moulton Point', '7834842240'),
('82ID', 'Jenn', 'Kiddy', '992 Bellgrove Place', '1778756843'),
('83ID', 'Arthur', 'Vicent', '81262 Kingsford Hill', '4262268652'),
('84ID', 'May', 'Estable', '20762 Havey Alley', '4789655967'),
('85ID', 'Winfield', 'Deary', '5351 Hovde Parkway', '9788348760'),
('86ID', 'Dur', 'Pietasch', '40 Macpherson Pass', '8136964653'),
('87ID', 'Hannah', 'Dudeney', '6 Southridge Crossing', '8437126713'),
('88ID', 'Buck', 'Slight', '119 Burning Wood Circle', '7834599075'),
('89ID', 'Starlin', 'Ilyinykh', '4 Summit Trail', '5751724799'),
('90ID', 'Malchy', 'Milmo', '4611 Green Pass', '8027349133'),
('91ID', 'Bastian', 'Authers', '6 Clarendon Center', '8595294053'),
('92ID', 'Alvin', 'Wilbore', '44 Delladonna Parkway', '8976972423'),
('93ID', 'Anatol', 'Westmacott', '595 Golf View Point', '4772224079'),
('94ID', 'Corine', 'MacGee', '53 Dovetail Point', '8391939778'),
('95ID', 'Lauree', 'Wais', '2744 Golf View Pass', '5261182325'),
('96ID', 'Julina', 'Daviddi', '66 Main Place', '3199549761'),
('97ID', 'Niel', 'McNelis', '7 Fuller Court', '7764314562'),
('98ID', 'Eustacia', 'Kochl', '21307 Westend Point', '1993810529'),
('99ID', 'Rockwell', 'Scade', '1542 Ruskin Crossing', '5894821877'),
('100ID', 'Palm', 'Helleckas', '17 Darwin Place', '8909570735'),
('101ID', 'Neda', 'Warrick', '92244 Valley Edge Place', '1224368188'),
('102ID', 'Marion', 'Patley', '8490 Cottonwood Place', '3076229328'),
('103ID', 'Addi', 'Fiennes', '736 Eagle Crest Crossing', '4105146204'),
('104ID', 'Tybalt', 'Chesher', '713 Everett Alley', '5761855038'),
('105ID', 'Russell', 'Lifsey', '67846 Sauthoff Crossing', '7327240160'),
('106ID', 'Jacinda', 'Medd', '4 Carpenter Pass', '5986252049'),
('107ID', 'Keene', 'Gladwish', '082 Merrick Center', '6408342955'),
('108ID', 'Jenn', 'Olorenshaw', '1 Straubel Center', '3127224473'),
('109ID', 'Arron', 'Spooner', '152 Arapahoe Road', '3185368956'),
('110ID', 'Franky', 'Tethacot', '38327 Fieldstone Circle', '1509787938'),
('111ID', 'Isaac', 'Blunsden', '91 Ilene Trail', '8625198013'),
('112ID', 'Brooke', 'Maffulli', '0196 Aberg Way', '8111417562'),
('113ID', 'Harriett', 'Endley', '5 Swallow Crossing', '4714493499'),
('114ID', 'Meriel', 'Spillane', '815 Macpherson Trail', '6613468392'),
('115ID', 'Madelaine', 'Beaten', '8348 Judy Crossing', '3211843520'),
('116ID', 'Wye', 'Ernke', '27970 Prentice Trail', '8622934422'),
('117ID', 'Halette', 'Petyankin', '75757 Forest Plaza', '9003525527'),
('118ID', 'Abigale', 'Eckford', '474 Eggendart Alley', '8741380790'),
('119ID', 'Danika', 'Harland', '18727 Ohio Plaza', '1614331246'),
('120ID', 'Debora', 'Menlove', '8531 Loomis Drive', '8521629445'),
('121ID', 'Tonya', 'Diggell', '29 Crescent Oaks Alley', '9053169629'),
('122ID', 'Olympe', 'Coetzee', '91 Aberg Point', '6003545376'),
('123ID', 'Maisie', 'Bellhouse', '3453 Erie Avenue', '1803565614'),
('124ID', 'Marabel', 'Dominichelli', '56 Bellgrove Trail', '5621887643'),
('125ID', 'Locke', 'Williams', '5491 Graceland Alley', '4992945973'),
('126ID', 'Claudian', 'Mc Coughan', '8648 Bluestem Court', '7831979911'),
('127ID', 'Kahlil', 'Niblo', '8439 Oriole Pass', '3718023048'),
('128ID', 'Carolann', 'Hanscom', '9869 Muir Place', '3676044301'),
('129ID', 'Joanna', 'Fontes', '570 Veith Trail', '8464716041'),
('130ID', 'Reginauld', 'Scotti', '5 Lillian Drive', '1591893514'),
('131ID', 'Wilton', 'Markey', '2 Northland Junction', '2898422006'),
('132ID', 'Yolanthe', 'Tarte', '2851 Blaine Way', '6086122983'),
('133ID', 'Mile', 'Lett', '49656 Dennis Avenue', '9629674146'),
('134ID', 'Maxim', 'Rash', '28632 Cody Plaza', '5922815363'),
('135ID', 'Ronald', 'Langton', '96723 Cordelia Alley', '7912137430'),
('136ID', 'Ellary', 'Floch', '322 Swallow Avenue', '9879318119'),
('137ID', 'Doralyn', 'Brown', '617 Sycamore Road', '1409349829'),
('138ID', 'Hogan', 'Gooda', '033 Bartillon Court', '4188269419'),
('139ID', 'Penny', 'Bonevant', '0869 Katie Junction', '6214718559'),
('140ID', 'Roseanna', 'Cant', '7 La Follette Junction', '9947762409'),
('141ID', 'Phylis', 'Simcoe', '6 Ridgeview Drive', '4015896823'),
('142ID', 'Maxi', 'Gregolin', '87213 Anderson Center', '4442545650'),
('143ID', 'Sadye', 'Follitt', '32259 Little Fleur Trail', '4544002770'),
('144ID', 'Hans', 'Beston', '6904 Kipling Park', '8629364790'),
('145ID', 'Adelbert', 'Yushkov', '8 Hallows Trail', '1075585477'),
('146ID', 'Jess', 'Lantoph', '394 Texas Avenue', '5239150169'),
('147ID', 'Asa', 'Terrelly', '50 Coolidge Terrace', '7388877331'),
('148ID', 'Ephrem', 'Fogt', '6 Jackson Way', '3365076754'),
('149ID', 'Augustus', 'Boldock', '628 Continental Park', '9105335809'),
('150ID', 'Linnell', 'Mcall', '78 Maple Wood Court', '6294524983');

INSERT INTO transactions VALUES 

('2001001', '2020-01-01 3:42:20', '53ID'),
('2001002', '2020-01-01 5:32:48', '138ID'),
('2001003', '2020-01-01 6:03:40', '14ID'),
('2001004', '2020-01-01 9:50:30', '31ID'),
('2001005', '2020-01-01 17:12:05', '77ID'),
('2001006', '2020-01-01 18:09:29', '148ID'),
('2001007', '2020-01-01 21:23:19', '62ID'),
('2001008', '2020-01-01 21:56:56', '39ID'),
('2001009', '2020-01-01 22:21:05', '118ID'),
('2001010', '2020-01-01 23:25:10', '72ID'),
('2001011', '2020-01-02 1:01:55', '16ID'),
('2001012', '2020-01-02 1:22:14', '98ID'),
('2001013', '2020-01-02 22:17:19', '22ID'),
('2001014', '2020-01-03 1:22:58', '55ID'),
('2001015', '2020-01-03 5:46:27', '78ID'),
('2001016', '2020-01-03 8:35:27', '3ID'),
('2001017', '2020-01-03 8:48:27', '60ID'),
('2001018', '2020-01-03 10:11:47', '69ID'),
('2001019', '2020-01-03 10:23:00', '128ID'),
('2001020', '2020-01-03 16:30:31', '96ID'),
('2001021', '2020-01-04 6:39:38', '26ID'),
('2001022', '2020-01-04 7:25:49', '84ID'),
('2001023', '2020-01-04 8:13:05', '82ID'),
('2001024', '2020-01-04 10:25:57', '116ID'),
('2001025', '2020-01-04 11:06:13', '119ID'),
('2001026', '2020-01-04 12:14:35', '34ID'),
('2001027', '2020-01-04 12:50:38', '70ID'),
('2001028', '2020-01-04 14:48:06', '36ID'),
('2001029', '2020-01-04 15:05:58', '50ID'),
('2001030', '2020-01-04 20:26:47', '46ID'),
('2001031', '2020-01-04 20:51:08', '94ID'),
('2001032', '2020-01-04 21:02:09', '59ID'),
('2001033', '2020-01-04 22:11:37', '25ID'),
('2001034', '2020-01-05 5:01:21', '57ID'),
('2001035', '2020-01-05 5:39:47', '61ID'),
('2001036', '2020-01-05 9:01:39', '24ID'),
('2001037', '2020-01-05 10:09:11', '113ID'),
('2001038', '2020-01-05 13:02:42', '42ID'),
('2001039', '2020-01-05 14:37:58', '21ID'),
('2001040', '2020-01-05 22:29:28', '73ID'),
('2001041', '2020-01-06 1:32:38', '133ID'),
('2001042', '2020-01-06 2:07:37', '43ID'),
('2001043', '2020-01-06 4:07:13', '93ID'),
('2001044', '2020-01-06 5:03:03', '76ID'),
('2001045', '2020-01-06 5:14:34', '104ID'),
('2001046', '2020-01-06 6:01:57', '19ID'),
('2001047', '2020-01-06 7:09:30', '110ID'),
('2001048', '2020-01-06 7:56:46', '35ID'),
('2001049', '2020-01-06 9:28:26', '1ID'),
('2001050', '2020-01-06 10:34:49', '127ID'),
('2001051', '2020-01-06 10:49:07', '6ID'),
('2001052', '2020-01-06 16:57:28', '44ID'),
('2001053', '2020-01-06 18:10:18', '137ID'),
('2001054', '2020-01-06 21:05:34', '109ID'),
('2001055', '2020-01-06 22:53:28', '111ID'),
('2001056', '2020-01-07 0:14:59', '66ID'),
('2001057', '2020-01-07 4:22:19', '64ID'),
('2001058', '2020-01-07 5:15:01', '40ID'),
('2001059', '2020-01-07 6:18:16', '45ID'),
('2001060', '2020-01-07 8:29:43', '5ID'),
('2001061', '2020-01-07 12:37:11', '52ID'),
('2001062', '2020-01-07 14:38:59', '8ID'),
('2001063', '2020-01-07 15:53:05', '134ID'),
('2001064', '2020-01-07 15:56:12', '58ID'),
('2001065', '2020-01-07 17:54:59', '146ID'),
('2001066', '2020-01-07 18:36:46', '125ID'),
('2001067', '2020-01-07 18:46:05', '97ID'),
('2001068', '2020-01-07 21:26:28', '150ID'),
('2001069', '2020-01-07 21:34:38', '114ID'),
('2001070', '2020-01-08 4:42:16', '10ID'),
('2001071', '2020-01-08 8:31:06', '2ID'),
('2001072', '2020-01-08 9:25:20', '99ID'),
('2001073', '2020-01-08 9:28:01', '83ID'),
('2001074', '2020-01-08 17:55:33', '27ID'),
('2001075', '2020-01-08 18:18:02', '129ID'),
('2001076', '2020-01-08 19:39:18', '131ID'),
('2001077', '2020-01-08 21:01:58', '79ID'),
('2001078', '2020-01-08 21:22:14', '144ID'),
('2001079', '2020-01-08 23:58:38', '141ID'),
('2001080', '2020-01-09 2:22:26', '91ID'),
('2001081', '2020-01-09 6:39:44', '142ID'),
('2001082', '2020-01-09 7:33:40', '140ID'),
('2001083', '2020-01-09 12:09:44', '18ID'),
('2001084', '2020-01-09 13:15:00', '37ID'),
('2001085', '2020-01-09 19:19:52', '92ID'),
('2001086', '2020-01-09 19:47:54', '56ID'),
('2001087', '2020-01-10 7:06:50', '120ID'),
('2001088', '2020-01-10 10:36:49', '63ID'),
('2001089', '2020-01-10 11:30:52', '65ID'),
('2001090', '2020-01-10 11:41:05', '30ID'),
('2001091', '2020-01-10 12:30:09', '135ID'),
('2001092', '2020-01-10 14:45:00', '100ID'),
('2001093', '2020-01-10 14:50:29', '33ID'),
('2001094', '2020-01-10 15:03:16', '121ID'),
('2001095', '2020-01-10 18:05:30', '136ID'),
('2001096', '2020-01-10 22:54:48', '23ID'),
('2001097', '2020-01-11 6:21:02', '54ID'),
('2001098', '2020-01-11 9:50:34', '130ID'),
('2001099', '2020-01-11 10:19:23', '106ID'),
('2001100', '2020-01-11 11:06:59', '122ID'),
('2001101', '2020-01-11 12:24:52', '15ID'),
('2001102', '2020-01-11 13:26:03', '89ID'),
('2001103', '2020-01-11 15:41:30', '87ID'),
('2001104', '2020-01-11 16:10:11', '143ID'),
('2001105', '2020-01-11 18:02:27', '103ID'),
('2001106', '2020-01-11 23:22:23', '13ID'),
('2001107', '2020-01-12 0:59:38', '123ID'),
('2001108', '2020-01-12 1:34:52', '48ID'),
('2001109', '2020-01-12 2:46:13', '107ID'),
('2001110', '2020-01-12 3:27:37', '81ID'),
('2001111', '2020-01-12 4:56:47', '32ID'),
('2001112', '2020-01-12 7:21:40', '17ID'),
('2001113', '2020-01-12 8:15:57', '49ID'),
('2001114', '2020-01-12 8:19:04', '75ID'),
('2001115', '2020-01-12 13:11:32', '68ID'),
('2001116', '2020-01-12 18:12:25', '85ID'),
('2001117', '2020-01-12 18:47:47', '88ID'),
('2001118', '2020-01-12 19:26:10', '124ID'),
('2001119', '2020-01-12 20:50:16', '90ID'),
('2001120', '2020-01-12 21:05:23', '20ID'),
('2001121', '2020-01-12 21:09:33', '108ID'),
('2001122', '2020-01-12 23:23:20', '4ID'),
('2001123', '2020-01-12 23:50:36', '7ID'),
('2001124', '2020-01-13 3:14:29', '102ID'),
('2001125', '2020-01-13 8:42:45', '74ID'),
('2001126', '2020-01-13 8:48:25', '139ID'),
('2001127', '2020-01-13 8:54:27', '11ID'),
('2001128', '2020-01-13 14:28:41', '115ID'),
('2001129', '2020-01-13 15:02:32', '117ID'),
('2001130', '2020-01-13 15:29:04', '38ID'),
('2001131', '2020-01-13 15:53:32', '95ID'),
('2001132', '2020-01-13 19:38:39', '126ID'),
('2001133', '2020-01-13 22:23:45', '9ID'),
('2001134', '2020-01-13 22:29:35', '41ID'),
('2001135', '2020-01-13 23:08:30', '149ID'),
('2001136', '2020-01-14 0:44:39', '67ID'),
('2001137', '2020-01-14 1:18:54', '86ID'),
('2001138', '2020-01-14 2:54:50', '112ID'),
('2001139', '2020-01-14 13:54:29', '145ID'),
('2001140', '2020-01-14 15:32:23', '101ID'),
('2001141', '2020-01-14 16:08:53', '147ID'),
('2001142', '2020-01-14 16:44:19', '28ID'),
('2001143', '2020-01-14 18:22:53', '47ID'),
('2001144', '2020-01-14 19:00:45', '71ID'),
('2001145', '2020-01-14 19:10:45', '132ID'),
('2001146', '2020-01-14 21:50:52', '51ID'),
('2001147', '2020-01-15 0:29:24', '29ID'),
('2001148', '2020-01-15 0:55:21', '12ID'),
('2001149', '2020-01-15 1:47:48', '80ID'),
('2001150', '2020-01-15 9:16:19', '105ID'),
('2001151', '2020-01-15 14:15:20', '139ID'),
('2001152', '2020-01-15 17:29:07', '69ID'),
('2001153', '2020-01-15 18:53:35', '104ID'),
('2001154', '2020-01-15 19:12:55', '84ID'),
('2001155', '2020-01-15 19:34:03', '82ID'),
('2001156', '2020-01-15 20:17:57', '4ID'),
('2001157', '2020-01-15 20:46:34', '67ID'),
('2001158', '2020-01-15 21:19:49', '61ID'),
('2001159', '2020-01-16 2:39:44', '99ID'),
('2001160', '2020-01-16 5:11:11', '31ID'),
('2001161', '2020-01-16 5:51:21', '35ID'),
('2001162', '2020-01-16 6:00:41', '79ID'),
('2001163', '2020-01-16 7:29:10', '10ID'),
('2001164', '2020-01-16 8:57:16', '25ID'),
('2001165', '2020-01-16 11:05:41', '76ID'),
('2001166', '2020-01-16 11:08:00', '126ID'),
('2001167', '2020-01-16 12:38:52', '55ID'),
('2001168', '2020-01-16 13:43:12', '57ID'),
('2001169', '2020-01-16 14:23:34', '51ID'),
('2001170', '2020-01-16 19:05:25', '8ID'),
('2001171', '2020-01-16 20:39:53', '40ID'),
('2001172', '2020-01-17 0:13:34', '109ID'),
('2001173', '2020-01-17 5:38:33', '54ID'),
('2001174', '2020-01-17 7:51:51', '114ID'),
('2001175', '2020-01-17 9:58:23', '27ID'),
('2001176', '2020-01-17 16:01:42', '120ID'),
('2001177', '2020-01-17 16:43:59', '5ID'),
('2001178', '2020-01-17 18:49:53', '133ID'),
('2001179', '2020-01-18 0:16:51', '50ID'),
('2001180', '2020-01-18 2:58:13', '66ID'),
('2001181', '2020-01-18 3:14:18', '12ID'),
('2001182', '2020-01-18 3:46:56', '149ID'),
('2001183', '2020-01-18 5:05:44', '98ID'),
('2001184', '2020-01-18 6:23:12', '77ID'),
('2001185', '2020-01-18 8:26:48', '58ID'),
('2001186', '2020-01-18 13:03:08', '95ID'),
('2001187', '2020-01-18 13:25:39', '81ID'),
('2001188', '2020-01-18 13:44:27', '9ID'),
('2001189', '2020-01-18 22:42:28', '32ID'),
('2001190', '2020-01-19 2:33:55', '24ID'),
('2001191', '2020-01-19 5:58:59', '78ID'),
('2001192', '2020-01-19 6:54:12', '89ID'),
('2001193', '2020-01-19 8:14:45', '3ID'),
('2001194', '2020-01-19 10:03:39', '100ID'),
('2001195', '2020-01-19 13:32:22', '73ID'),
('2001196', '2020-01-19 17:13:26', '71ID'),
('2001197', '2020-01-19 21:35:37', '2ID'),
('2001198', '2020-01-20 1:57:40', '59ID'),
('2001199', '2020-01-20 4:54:56', '26ID'),
('2001200', '2020-01-20 7:05:47', '1ID'),
('2001201', '2020-01-20 7:22:05', '23ID'),
('2001202', '2020-01-20 8:02:02', '132ID'),
('2001203', '2020-01-20 9:55:42', '122ID'),
('2001204', '2020-01-20 12:31:10', '75ID'),
('2001205', '2020-01-20 14:13:10', '136ID'),
('2001206', '2020-01-20 15:05:45', '107ID'),
('2001207', '2020-01-20 15:51:44', '49ID'),
('2001208', '2020-01-20 20:49:45', '150ID'),
('2001209', '2020-01-20 21:14:32', '105ID'),
('2001210', '2020-01-21 2:10:02', '124ID'),
('2001211', '2020-01-21 8:30:14', '21ID'),
('2001212', '2020-01-22 0:46:11', '42ID'),
('2001213', '2020-01-22 1:29:00', '141ID'),
('2001214', '2020-01-22 3:31:29', '6ID'),
('2001215', '2020-01-22 3:42:54', '70ID'),
('2001216', '2020-01-22 6:19:19', '121ID'),
('2001217', '2020-01-22 12:19:56', '118ID'),
('2001218', '2020-01-22 19:21:00', '74ID'),
('2001219', '2020-01-22 21:19:39', '88ID'),
('2001220', '2020-01-23 0:36:17', '17ID'),
('2001221', '2020-01-23 1:43:05', '103ID'),
('2001222', '2020-01-23 2:00:15', '44ID'),
('2001223', '2020-01-23 3:00:45', '65ID'),
('2001224', '2020-01-23 4:45:17', '38ID'),
('2001225', '2020-01-23 6:03:50', '47ID'),
('2001226', '2020-01-23 10:25:27', '92ID'),
('2001227', '2020-01-23 13:58:53', '43ID'),
('2001228', '2020-01-23 15:37:11', '41ID'),
('2001229', '2020-01-24 0:05:32', '102ID'),
('2001230', '2020-01-24 2:32:26', '62ID'),
('2001231', '2020-01-24 2:44:37', '13ID'),
('2001232', '2020-01-24 3:46:23', '127ID'),
('2001233', '2020-01-24 4:10:27', '137ID'),
('2001234', '2020-01-24 5:42:01', '15ID'),
('2001235', '2020-01-24 10:07:01', '86ID'),
('2001236', '2020-01-24 15:26:13', '48ID'),
('2001237', '2020-01-24 20:27:34', '140ID'),
('2001238', '2020-01-24 22:55:18', '146ID'),
('2001239', '2020-01-25 0:40:05', '80ID'),
('2001240', '2020-01-25 3:23:43', '7ID'),
('2001241', '2020-01-25 8:48:09', '129ID'),
('2001242', '2020-01-25 9:59:04', '83ID'),
('2001243', '2020-01-25 14:57:43', '131ID'),
('2001244', '2020-01-25 16:18:45', '68ID'),
('2001245', '2020-01-25 17:05:40', '46ID'),
('2001246', '2020-01-25 21:02:54', '111ID'),
('2001247', '2020-01-25 21:40:37', '18ID'),
('2001248', '2020-01-26 1:13:07', '34ID'),
('2001249', '2020-01-26 7:05:19', '96ID'),
('2001250', '2020-01-26 14:17:04', '37ID'),
('2001251', '2020-01-26 14:47:54', '45ID'),
('2001252', '2020-01-26 16:31:58', '112ID'),
('2001253', '2020-01-26 16:58:52', '134ID'),
('2001254', '2020-01-26 17:14:07', '123ID'),
('2001255', '2020-01-26 17:46:08', '113ID'),
('2001256', '2020-01-26 18:41:38', '28ID'),
('2001257', '2020-01-26 19:28:33', '19ID'),
('2001258', '2020-01-26 21:26:46', '36ID'),
('2001259', '2020-01-26 22:11:23', '138ID'),
('2001260', '2020-01-26 23:59:27', '14ID'),
('2001261', '2020-01-27 3:05:29', '53ID'),
('2001262', '2020-01-27 5:22:21', '148ID'),
('2001263', '2020-01-27 8:34:24', '30ID'),
('2001264', '2020-01-27 8:35:39', '16ID'),
('2001265', '2020-01-27 9:37:52', '108ID'),
('2001266', '2020-01-27 10:47:59', '33ID'),
('2001267', '2020-01-27 15:59:48', '110ID'),
('2001268', '2020-01-27 19:20:50', '119ID'),
('2001269', '2020-01-27 22:00:14', '85ID'),
('2001270', '2020-01-27 23:48:38', '52ID'),
('2001271', '2020-01-28 1:13:51', '63ID'),
('2001272', '2020-01-28 1:27:43', '60ID'),
('2001273', '2020-01-28 3:22:40', '144ID'),
('2001274', '2020-01-28 4:39:35', '39ID'),
('2001275', '2020-01-28 6:19:58', '116ID'),
('2001276', '2020-01-28 7:49:10', '115ID'),
('2001277', '2020-01-28 17:06:30', '64ID'),
('2001278', '2020-01-28 19:04:54', '91ID'),
('2001279', '2020-01-28 19:16:20', '106ID'),
('2001280', '2020-01-28 21:05:10', '72ID'),
('2001281', '2020-01-29 2:53:29', '130ID'),
('2001282', '2020-01-29 4:00:10', '22ID'),
('2001283', '2020-01-29 7:08:47', '125ID'),
('2001284', '2020-01-29 8:02:33', '147ID'),
('2001285', '2020-01-29 9:45:33', '128ID'),
('2001286', '2020-01-29 11:09:10', '117ID'),
('2001287', '2020-01-29 16:30:31', '142ID'),
('2001288', '2020-01-29 19:28:36', '90ID'),
('2001289', '2020-01-29 19:51:34', '94ID'),
('2001290', '2020-01-29 20:13:00', '20ID'),
('2001291', '2020-01-29 20:13:18', '11ID'),
('2001292', '2020-01-29 22:45:22', '93ID'),
('2001293', '2020-01-30 3:35:18', '143ID'),
('2001294', '2020-01-30 4:49:27', '56ID'),
('2001295', '2020-01-30 7:09:28', '29ID'),
('2001296', '2020-01-30 9:29:40', '135ID'),
('2001297', '2020-01-30 13:12:38', '87ID'),
('2001298', '2020-01-30 18:05:02', '97ID'),
('2001299', '2020-01-30 18:54:46', '101ID'),
('2001300', '2020-01-30 21:19:01', '145ID'),
('2002001', '2020-02-01 3:23:07', '132ID'),
('2002002', '2020-02-01 7:30:34', '108ID'),
('2002003', '2020-02-01 11:10:35', '144ID'),
('2002004', '2020-02-01 13:04:44', '32ID'),
('2002005', '2020-02-01 13:51:59', '95ID'),
('2002006', '2020-02-01 15:31:20', '25ID'),
('2002007', '2020-02-01 17:25:05', '60ID'),
('2002008', '2020-02-01 22:19:24', '133ID'),
('2002009', '2020-02-02 4:41:48', '106ID'),
('2002010', '2020-02-02 5:47:42', '8ID'),
('2002011', '2020-02-02 6:31:30', '20ID'),
('2002012', '2020-02-02 10:09:36', '71ID'),
('2002013', '2020-02-02 11:15:04', '126ID'),
('2002014', '2020-02-02 12:30:05', '35ID'),
('2002015', '2020-02-02 17:17:57', '27ID'),
('2002016', '2020-02-02 22:42:35', '16ID'),
('2002017', '2020-02-02 23:16:32', '37ID'),
('2002018', '2020-02-03 0:07:36', '131ID'),
('2002019', '2020-02-03 1:05:24', '98ID'),
('2002020', '2020-02-03 1:14:32', '99ID'),
('2002021', '2020-02-03 2:50:30', '36ID'),
('2002022', '2020-02-03 5:05:07', '38ID'),
('2002023', '2020-02-03 6:24:35', '67ID'),
('2002024', '2020-02-03 8:48:27', '135ID'),
('2002025', '2020-02-03 10:42:49', '97ID'),
('2002026', '2020-02-03 11:36:30', '73ID'),
('2002027', '2020-02-03 11:45:23', '70ID'),
('2002028', '2020-02-03 11:50:02', '129ID'),
('2002029', '2020-02-03 14:41:53', '150ID'),
('2002030', '2020-02-03 15:15:05', '119ID'),
('2002031', '2020-02-03 16:53:28', '66ID'),
('2002032', '2020-02-03 17:58:44', '56ID'),
('2002033', '2020-02-03 21:13:35', '84ID'),
('2002034', '2020-02-03 22:47:20', '5ID'),
('2002035', '2020-02-04 0:28:05', '77ID'),
('2002036', '2020-02-04 3:40:36', '12ID'),
('2002037', '2020-02-04 5:26:21', '121ID'),
('2002038', '2020-02-04 5:27:15', '82ID'),
('2002039', '2020-02-04 5:54:14', '62ID'),
('2002040', '2020-02-04 7:48:38', '87ID'),
('2002041', '2020-02-04 12:09:20', '54ID'),
('2002042', '2020-02-04 16:03:47', '141ID'),
('2002043', '2020-02-04 19:47:58', '14ID'),
('2002044', '2020-02-04 20:33:20', '29ID'),
('2002045', '2020-02-04 22:20:57', '45ID'),
('2002046', '2020-02-05 3:02:02', '10ID'),
('2002047', '2020-02-05 7:45:07', '42ID'),
('2002048', '2020-02-05 8:26:21', '79ID'),
('2002049', '2020-02-05 11:06:51', '94ID'),
('2002050', '2020-02-05 11:11:53', '89ID'),
('2002051', '2020-02-05 13:47:02', '96ID'),
('2002052', '2020-02-05 16:04:07', '34ID'),
('2002053', '2020-02-05 18:49:05', '124ID'),
('2002054', '2020-02-05 19:43:41', '31ID'),
('2002055', '2020-02-05 19:51:22', '85ID'),
('2002056', '2020-02-05 20:35:30', '49ID'),
('2002057', '2020-02-06 3:03:23', '147ID'),
('2002058', '2020-02-06 9:57:36', '122ID'),
('2002059', '2020-02-06 10:00:43', '13ID'),
('2002060', '2020-02-06 13:54:41', '110ID'),
('2002061', '2020-02-06 15:58:02', '17ID'),
('2002062', '2020-02-06 16:14:48', '102ID'),
('2002063', '2020-02-06 21:06:08', '76ID'),
('2002064', '2020-02-06 21:29:57', '47ID'),
('2002065', '2020-02-07 2:46:39', '51ID'),
('2002066', '2020-02-07 5:01:05', '117ID'),
('2002067', '2020-02-07 5:14:40', '59ID'),
('2002068', '2020-02-07 7:41:47', '30ID'),
('2002069', '2020-02-07 7:53:01', '142ID'),
('2002070', '2020-02-07 8:59:57', '88ID'),
('2002071', '2020-02-07 11:13:45', '130ID'),
('2002072', '2020-02-07 11:41:31', '123ID'),
('2002073', '2020-02-07 15:03:39', '39ID'),
('2002074', '2020-02-07 17:34:12', '93ID'),
('2002075', '2020-02-07 21:15:16', '4ID'),
('2002076', '2020-02-07 23:16:44', '78ID'),
('2002077', '2020-02-08 3:05:00', '22ID'),
('2002078', '2020-02-08 13:37:27', '53ID'),
('2002079', '2020-02-08 18:26:03', '92ID'),
('2002080', '2020-02-08 18:36:10', '63ID'),
('2002081', '2020-02-08 21:38:53', '46ID'),
('2002082', '2020-02-09 0:29:25', '19ID'),
('2002083', '2020-02-09 4:37:15', '24ID'),
('2002084', '2020-02-09 8:20:31', '41ID'),
('2002085', '2020-02-09 10:19:53', '50ID'),
('2002086', '2020-02-09 13:56:21', '7ID'),
('2002087', '2020-02-09 20:59:03', '116ID'),
('2002088', '2020-02-09 23:36:19', '118ID'),
('2002089', '2020-02-10 4:25:00', '40ID'),
('2002090', '2020-02-10 6:45:32', '61ID'),
('2002091', '2020-02-10 9:21:51', '72ID'),
('2002092', '2020-02-10 11:34:54', '100ID'),
('2002093', '2020-02-10 23:21:57', '65ID'),
('2002094', '2020-02-11 2:50:56', '90ID'),
('2002095', '2020-02-11 6:12:51', '44ID'),
('2002096', '2020-02-11 8:05:47', '136ID'),
('2002097', '2020-02-11 11:04:38', '148ID'),
('2002098', '2020-02-11 12:14:53', '23ID'),
('2002099', '2020-02-11 19:56:03', '109ID'),
('2002100', '2020-02-11 20:22:28', '113ID'),
('2002101', '2020-02-11 23:45:56', '149ID'),
('2002102', '2020-02-11 23:47:06', '18ID'),
('2002103', '2020-02-12 2:19:05', '48ID'),
('2002104', '2020-02-12 6:17:58', '74ID'),
('2002105', '2020-02-12 7:28:02', '103ID'),
('2002106', '2020-02-12 8:09:38', '101ID'),
('2002107', '2020-02-12 11:45:24', '28ID'),
('2002108', '2020-02-12 11:50:26', '114ID'),
('2002109', '2020-02-12 13:20:07', '75ID'),
('2002110', '2020-02-12 13:48:28', '3ID'),
('2002111', '2020-02-12 14:15:25', '115ID'),
('2002112', '2020-02-12 15:22:54', '91ID'),
('2002113', '2020-02-12 19:05:36', '15ID'),
('2002114', '2020-02-12 21:51:12', '143ID'),
('2002115', '2020-02-12 21:59:12', '137ID'),
('2002116', '2020-02-12 23:56:46', '58ID'),
('2002117', '2020-02-13 1:08:32', '6ID'),
('2002118', '2020-02-13 1:40:57', '140ID'),
('2002119', '2020-02-13 5:30:23', '33ID'),
('2002120', '2020-02-13 5:41:05', '107ID'),
('2002121', '2020-02-13 6:21:03', '105ID'),
('2002122', '2020-02-13 7:11:18', '111ID'),
('2002123', '2020-02-13 7:43:02', '120ID'),
('2002124', '2020-02-13 8:23:52', '83ID'),
('2002125', '2020-02-13 11:32:13', '21ID'),
('2002126', '2020-02-13 13:40:12', '2ID'),
('2002127', '2020-02-13 14:40:00', '9ID'),
('2002128', '2020-02-13 15:11:37', '134ID'),
('2002129', '2020-02-13 16:16:21', '86ID'),
('2002130', '2020-02-13 16:24:05', '80ID'),
('2002131', '2020-02-13 21:58:22', '139ID'),
('2002132', '2020-02-14 3:18:59', '57ID'),
('2002133', '2020-02-14 6:31:02', '145ID'),
('2002134', '2020-02-14 7:48:32', '138ID'),
('2002135', '2020-02-14 8:16:02', '55ID'),
('2002136', '2020-02-14 8:54:36', '68ID'),
('2002137', '2020-02-14 10:11:00', '26ID'),
('2002138', '2020-02-14 10:39:21', '104ID'),
('2002139', '2020-02-14 14:53:46', '69ID'),
('2002140', '2020-02-14 15:39:02', '1ID'),
('2002141', '2020-02-14 17:53:34', '128ID'),
('2002142', '2020-02-14 19:03:52', '81ID'),
('2002143', '2020-02-14 19:26:49', '64ID'),
('2002144', '2020-02-14 21:00:18', '127ID'),
('2002145', '2020-02-14 21:36:39', '11ID'),
('2002146', '2020-02-14 21:46:37', '112ID'),
('2002147', '2020-02-15 3:00:06', '52ID'),
('2002148', '2020-02-15 3:30:27', '125ID'),
('2002149', '2020-02-15 3:37:25', '43ID'),
('2002150', '2020-02-15 3:41:51', '146ID'),
('2002151', '2020-02-15 4:17:34', '33ID'),
('2002152', '2020-02-15 5:09:20', '71ID'),
('2002153', '2020-02-15 5:35:47', '12ID'),
('2002154', '2020-02-15 5:51:02', '135ID'),
('2002155', '2020-02-15 8:19:44', '118ID'),
('2002156', '2020-02-15 8:46:30', '31ID'),
('2002157', '2020-02-15 8:52:07', '13ID'),
('2002158', '2020-02-15 12:22:54', '90ID'),
('2002159', '2020-02-15 13:03:39', '105ID'),
('2002160', '2020-02-15 15:56:41', '129ID'),
('2002161', '2020-02-15 17:43:05', '110ID'),
('2002162', '2020-02-15 17:46:29', '4ID'),
('2002163', '2020-02-15 19:44:02', '15ID'),
('2002164', '2020-02-15 20:23:55', '92ID'),
('2002165', '2020-02-15 20:48:23', '18ID'),
('2002166', '2020-02-16 0:07:20', '104ID'),
('2002167', '2020-02-16 0:44:38', '72ID'),
('2002168', '2020-02-16 4:33:17', '26ID'),
('2002169', '2020-02-16 8:20:45', '46ID'),
('2002170', '2020-02-16 8:43:19', '29ID'),
('2002171', '2020-02-16 10:46:15', '73ID'),
('2002172', '2020-02-16 12:27:33', '52ID'),
('2002173', '2020-02-16 14:51:36', '61ID'),
('2002174', '2020-02-16 19:55:38', '20ID'),
('2002175', '2020-02-16 20:55:45', '84ID'),
('2002176', '2020-02-16 21:42:14', '58ID'),
('2002177', '2020-02-17 1:33:21', '37ID'),
('2002178', '2020-02-17 1:49:41', '75ID'),
('2002179', '2020-02-17 8:16:49', '34ID'),
('2002180', '2020-02-17 10:34:52', '146ID'),
('2002181', '2020-02-17 11:43:09', '131ID'),
('2002182', '2020-02-17 13:23:43', '137ID'),
('2002183', '2020-02-17 13:49:34', '96ID'),
('2002184', '2020-02-17 14:18:04', '24ID'),
('2002185', '2020-02-17 18:51:53', '19ID'),
('2002186', '2020-02-17 19:41:13', '97ID'),
('2002187', '2020-02-18 0:52:39', '102ID'),
('2002188', '2020-02-18 7:28:08', '53ID'),
('2002189', '2020-02-18 10:45:51', '16ID'),
('2002190', '2020-02-18 11:57:46', '39ID'),
('2002191', '2020-02-18 12:30:38', '14ID'),
('2002192', '2020-02-18 13:30:05', '41ID'),
('2002193', '2020-02-18 16:58:59', '148ID'),
('2002194', '2020-02-18 19:06:52', '113ID'),
('2002195', '2020-02-18 19:28:38', '149ID'),
('2002196', '2020-02-18 21:20:29', '117ID'),
('2002197', '2020-02-19 4:20:05', '40ID'),
('2002198', '2020-02-19 6:10:36', '116ID'),
('2002199', '2020-02-19 7:15:53', '88ID'),
('2002200', '2020-02-19 7:33:44', '69ID'),
('2002201', '2020-02-19 14:20:54', '35ID'),
('2002202', '2020-02-19 23:59:54', '50ID'),
('2002203', '2020-02-20 2:46:11', '55ID'),
('2002204', '2020-02-20 8:02:38', '86ID'),
('2002205', '2020-02-20 9:34:46', '139ID'),
('2002206', '2020-02-20 12:13:16', '79ID'),
('2002207', '2020-02-20 21:45:36', '23ID'),
('2002208', '2020-02-21 5:50:54', '21ID'),
('2002209', '2020-02-21 10:14:51', '144ID'),
('2002210', '2020-02-21 11:29:53', '27ID'),
('2002211', '2020-02-21 14:39:41', '45ID'),
('2002212', '2020-02-21 22:40:01', '94ID'),
('2002213', '2020-02-22 0:06:25', '78ID'),
('2002214', '2020-02-22 0:43:19', '11ID'),
('2002215', '2020-02-22 2:24:46', '43ID'),
('2002216', '2020-02-22 3:39:41', '68ID'),
('2002217', '2020-02-22 4:23:07', '10ID'),
('2002218', '2020-02-22 5:01:27', '5ID'),
('2002219', '2020-02-22 6:44:50', '112ID'),
('2002220', '2020-02-22 7:20:28', '128ID'),
('2002221', '2020-02-22 9:24:03', '126ID'),
('2002222', '2020-02-22 13:35:24', '6ID'),
('2002223', '2020-02-22 15:46:03', '121ID'),
('2002224', '2020-02-22 18:58:55', '150ID'),
('2002225', '2020-02-22 19:08:32', '30ID'),
('2002226', '2020-02-22 19:42:17', '36ID'),
('2002227', '2020-02-22 20:37:36', '91ID'),
('2002228', '2020-02-23 2:43:57', '64ID'),
('2002229', '2020-02-23 5:10:24', '1ID'),
('2002230', '2020-02-23 5:33:44', '77ID'),
('2002231', '2020-02-23 5:46:26', '67ID'),
('2002232', '2020-02-23 9:25:13', '101ID'),
('2002233', '2020-02-23 13:03:51', '49ID'),
('2002234', '2020-02-23 14:44:35', '122ID'),
('2002235', '2020-02-23 17:52:15', '38ID'),
('2002236', '2020-02-23 23:10:31', '106ID'),
('2002237', '2020-02-23 23:20:58', '89ID'),
('2002238', '2020-02-24 0:30:31', '9ID'),
('2002239', '2020-02-24 1:20:17', '142ID'),
('2002240', '2020-02-24 2:27:51', '74ID'),
('2002241', '2020-02-24 3:18:07', '134ID'),
('2002242', '2020-02-24 5:39:38', '85ID'),
('2002243', '2020-02-24 7:50:31', '111ID'),
('2002244', '2020-02-24 11:31:00', '127ID'),
('2002245', '2020-02-24 12:20:51', '82ID'),
('2002246', '2020-02-24 12:41:19', '83ID'),
('2002247', '2020-02-24 13:10:45', '140ID'),
('2002248', '2020-02-24 13:31:34', '44ID'),
('2002249', '2020-02-24 15:15:41', '47ID'),
('2002250', '2020-02-24 15:39:07', '28ID'),
('2002251', '2020-02-24 17:22:11', '22ID'),
('2002252', '2020-02-24 19:19:46', '60ID'),
('2002253', '2020-02-25 1:13:38', '103ID'),
('2002254', '2020-02-25 1:58:07', '17ID'),
('2002255', '2020-02-25 7:25:23', '138ID'),
('2002256', '2020-02-25 10:44:53', '109ID'),
('2002257', '2020-02-25 11:53:04', '147ID'),
('2002258', '2020-02-25 14:07:41', '87ID'),
('2002259', '2020-02-25 14:35:33', '141ID'),
('2002260', '2020-02-25 16:12:29', '120ID'),
('2002261', '2020-02-25 18:11:38', '95ID'),
('2002262', '2020-02-25 19:30:40', '145ID'),
('2002263', '2020-02-25 20:51:38', '80ID'),
('2002264', '2020-02-26 2:45:12', '65ID'),
('2002265', '2020-02-26 3:45:18', '98ID'),
('2002266', '2020-02-26 5:51:33', '119ID'),
('2002267', '2020-02-26 7:53:31', '124ID'),
('2002268', '2020-02-26 10:19:00', '51ID'),
('2002269', '2020-02-26 10:47:59', '48ID'),
('2002270', '2020-02-26 11:19:35', '93ID'),
('2002271', '2020-02-26 13:05:09', '7ID'),
('2002272', '2020-02-26 13:46:16', '63ID'),
('2002273', '2020-02-26 16:12:38', '76ID'),
('2002274', '2020-02-26 16:46:25', '66ID'),
('2002275', '2020-02-26 20:13:34', '115ID'),
('2002276', '2020-02-26 21:11:28', '123ID'),
('2002277', '2020-02-26 23:52:58', '2ID'),
('2002278', '2020-02-27 3:31:22', '125ID'),
('2002279', '2020-02-27 3:35:20', '54ID'),
('2002280', '2020-02-27 5:37:33', '42ID'),
('2002281', '2020-02-27 7:37:52', '108ID'),
('2002282', '2020-02-27 7:59:49', '136ID'),
('2002283', '2020-02-27 14:43:48', '32ID'),
('2002284', '2020-02-27 16:25:12', '59ID'),
('2002285', '2020-02-27 18:46:17', '81ID'),
('2002286', '2020-02-27 19:28:06', '70ID'),
('2002287', '2020-02-27 21:47:57', '133ID'),
('2002288', '2020-02-27 22:11:33', '8ID'),
('2002289', '2020-02-27 22:22:58', '57ID'),
('2002290', '2020-02-28 1:20:59', '130ID'),
('2002291', '2020-02-28 12:02:35', '107ID'),
('2002292', '2020-02-28 18:28:16', '132ID'),
('2002293', '2020-02-28 18:58:14', '143ID'),
('2002294', '2020-02-28 19:11:42', '25ID'),
('2002295', '2020-02-28 19:59:49', '100ID'),
('2002296', '2020-02-28 21:15:38', '56ID'),
('2002297', '2020-02-28 21:35:28', '3ID'),
('2002298', '2020-02-28 22:04:29', '114ID'),
('2002299', '2020-02-28 23:29:14', '99ID'),
('2002300', '2020-02-28 23:45:05', '62ID'),
('2003001', '2020-03-01 2:47:35', '112ID'),
('2003002', '2020-03-01 6:06:16', '130ID'),
('2003003', '2020-03-01 6:39:06', '37ID'),
('2003004', '2020-03-01 8:20:43', '79ID'),
('2003005', '2020-03-01 8:49:01', '9ID'),
('2003006', '2020-03-01 20:16:14', '133ID'),
('2003007', '2020-03-01 21:01:56', '138ID'),
('2003008', '2020-03-02 3:15:17', '77ID'),
('2003009', '2020-03-02 3:25:34', '21ID'),
('2003010', '2020-03-02 8:36:31', '81ID'),
('2003011', '2020-03-02 11:20:19', '16ID'),
('2003012', '2020-03-02 13:05:54', '58ID'),
('2003013', '2020-03-02 13:42:38', '62ID'),
('2003014', '2020-03-02 13:49:16', '84ID'),
('2003015', '2020-03-02 13:50:57', '135ID'),
('2003016', '2020-03-02 18:13:58', '51ID'),
('2003017', '2020-03-02 18:29:26', '8ID'),
('2003018', '2020-03-02 19:23:03', '86ID'),
('2003019', '2020-03-02 19:41:43', '55ID'),
('2003020', '2020-03-02 21:32:00', '80ID'),
('2003021', '2020-03-03 0:08:56', '2ID'),
('2003022', '2020-03-03 2:04:05', '3ID'),
('2003023', '2020-03-03 2:17:30', '100ID'),
('2003024', '2020-03-03 7:02:07', '76ID'),
('2003025', '2020-03-03 10:29:08', '59ID'),
('2003026', '2020-03-03 11:51:21', '61ID'),
('2003027', '2020-03-03 16:56:16', '47ID'),
('2003028', '2020-03-03 20:28:53', '56ID'),
('2003029', '2020-03-03 20:59:45', '123ID'),
('2003030', '2020-03-04 4:43:39', '45ID'),
('2003031', '2020-03-04 5:26:07', '54ID'),
('2003032', '2020-03-04 6:19:51', '113ID'),
('2003033', '2020-03-04 8:25:02', '39ID'),
('2003034', '2020-03-04 9:26:02', '70ID'),
('2003035', '2020-03-04 10:10:37', '111ID'),
('2003036', '2020-03-04 12:36:38', '71ID'),
('2003037', '2020-03-04 17:08:59', '7ID'),
('2003038', '2020-03-04 17:31:14', '60ID'),
('2003039', '2020-03-05 0:07:53', '22ID'),
('2003040', '2020-03-05 3:45:59', '120ID'),
('2003041', '2020-03-05 10:52:52', '99ID'),
('2003042', '2020-03-05 12:35:48', '28ID'),
('2003043', '2020-03-05 12:56:50', '24ID'),
('2003044', '2020-03-05 13:38:58', '136ID'),
('2003045', '2020-03-05 18:15:16', '10ID'),
('2003046', '2020-03-05 21:57:32', '150ID'),
('2003047', '2020-03-06 0:07:43', '5ID'),
('2003048', '2020-03-06 3:38:16', '57ID'),
('2003049', '2020-03-06 3:42:01', '66ID'),
('2003050', '2020-03-06 4:11:50', '119ID'),
('2003051', '2020-03-06 8:59:00', '127ID'),
('2003052', '2020-03-06 13:01:29', '20ID'),
('2003053', '2020-03-06 14:17:21', '129ID'),
('2003054', '2020-03-06 15:38:32', '143ID'),
('2003055', '2020-03-06 15:55:41', '49ID'),
('2003056', '2020-03-06 18:41:50', '43ID'),
('2003057', '2020-03-06 19:07:14', '4ID'),
('2003058', '2020-03-06 21:08:05', '146ID'),
('2003059', '2020-03-06 21:24:57', '88ID'),
('2003060', '2020-03-06 21:48:27', '128ID'),
('2003061', '2020-03-06 22:12:34', '90ID'),
('2003062', '2020-03-07 7:22:50', '34ID'),
('2003063', '2020-03-07 9:33:46', '53ID'),
('2003064', '2020-03-07 10:09:32', '18ID'),
('2003065', '2020-03-07 17:55:51', '122ID'),
('2003066', '2020-03-07 22:44:30', '82ID'),
('2003067', '2020-03-08 4:26:05', '48ID'),
('2003068', '2020-03-08 5:38:54', '67ID'),
('2003069', '2020-03-08 7:45:37', '124ID'),
('2003070', '2020-03-08 8:01:15', '11ID'),
('2003071', '2020-03-08 8:14:39', '108ID'),
('2003072', '2020-03-08 9:24:06', '36ID'),
('2003073', '2020-03-08 11:18:38', '85ID'),
('2003074', '2020-03-08 13:42:24', '116ID'),
('2003075', '2020-03-08 14:05:26', '23ID'),
('2003076', '2020-03-08 18:53:40', '12ID'),
('2003077', '2020-03-08 18:53:57', '83ID'),
('2003078', '2020-03-08 19:47:47', '27ID'),
('2003079', '2020-03-09 4:38:39', '63ID'),
('2003080', '2020-03-09 7:56:21', '91ID'),
('2003081', '2020-03-09 8:56:41', '30ID'),
('2003082', '2020-03-09 10:00:14', '29ID'),
('2003083', '2020-03-09 12:20:20', '109ID'),
('2003084', '2020-03-09 14:11:23', '103ID'),
('2003085', '2020-03-09 19:03:29', '105ID'),
('2003086', '2020-03-09 19:10:28', '50ID'),
('2003087', '2020-03-09 19:55:17', '35ID'),
('2003088', '2020-03-09 19:57:44', '15ID'),
('2003089', '2020-03-09 21:16:55', '6ID'),
('2003090', '2020-03-09 21:42:35', '40ID'),
('2003091', '2020-03-09 21:42:57', '145ID'),
('2003092', '2020-03-10 5:39:40', '13ID'),
('2003093', '2020-03-10 7:02:55', '132ID'),
('2003094', '2020-03-10 10:50:06', '78ID'),
('2003095', '2020-03-10 18:59:09', '38ID'),
('2003096', '2020-03-10 19:13:03', '68ID'),
('2003097', '2020-03-10 20:07:30', '31ID'),
('2003098', '2020-03-10 20:51:39', '89ID'),
('2003099', '2020-03-10 23:02:41', '65ID'),
('2003100', '2020-03-10 23:16:50', '125ID'),
('2003101', '2020-03-11 1:47:42', '140ID'),
('2003102', '2020-03-11 6:01:45', '33ID'),
('2003103', '2020-03-11 7:22:36', '137ID'),
('2003104', '2020-03-11 8:02:33', '131ID'),
('2003105', '2020-03-11 8:24:26', '114ID'),
('2003106', '2020-03-11 9:46:26', '25ID'),
('2003107', '2020-03-11 10:22:08', '115ID'),
('2003108', '2020-03-11 12:53:15', '144ID'),
('2003109', '2020-03-11 13:39:02', '14ID'),
('2003110', '2020-03-11 16:24:42', '1ID'),
('2003111', '2020-03-11 16:26:10', '41ID'),
('2003112', '2020-03-11 22:39:32', '74ID'),
('2003113', '2020-03-11 23:29:03', '17ID'),
('2003114', '2020-03-12 4:16:41', '149ID'),
('2003115', '2020-03-12 14:12:29', '64ID'),
('2003116', '2020-03-12 15:49:11', '141ID'),
('2003117', '2020-03-12 17:33:44', '93ID'),
('2003118', '2020-03-13 0:08:05', '75ID'),
('2003119', '2020-03-13 2:04:34', '139ID'),
('2003120', '2020-03-13 7:11:41', '110ID'),
('2003121', '2020-03-13 7:25:46', '96ID'),
('2003122', '2020-03-13 16:07:32', '44ID'),
('2003123', '2020-03-13 17:45:09', '92ID'),
('2003124', '2020-03-13 18:23:10', '104ID'),
('2003125', '2020-03-13 20:46:43', '19ID'),
('2003126', '2020-03-13 23:02:09', '72ID'),
('2003127', '2020-03-13 23:32:20', '69ID'),
('2003128', '2020-03-14 0:30:15', '26ID'),
('2003129', '2020-03-14 3:21:02', '102ID'),
('2003130', '2020-03-14 4:12:30', '107ID'),
('2003131', '2020-03-14 8:01:10', '97ID'),
('2003132', '2020-03-14 13:57:15', '52ID'),
('2003133', '2020-03-14 15:32:45', '95ID'),
('2003134', '2020-03-14 21:22:47', '147ID'),
('2003135', '2020-03-14 23:11:29', '134ID'),
('2003136', '2020-03-15 4:05:46', '46ID'),
('2003137', '2020-03-15 9:12:35', '73ID'),
('2003138', '2020-03-15 9:45:36', '42ID'),
('2003139', '2020-03-15 12:24:22', '94ID'),
('2003140', '2020-03-15 13:51:51', '106ID'),
('2003141', '2020-03-15 13:53:28', '98ID'),
('2003142', '2020-03-15 15:52:37', '117ID'),
('2003143', '2020-03-15 22:58:49', '32ID'),
('2003144', '2020-03-16 0:23:34', '118ID'),
('2003145', '2020-03-16 2:29:02', '87ID'),
('2003146', '2020-03-16 3:35:12', '101ID'),
('2003147', '2020-03-16 3:54:10', '142ID'),
('2003148', '2020-03-16 5:06:55', '126ID'),
('2003149', '2020-03-16 8:54:09', '148ID'),
('2003150', '2020-03-16 10:38:42', '121ID'),
('2003151', '2020-03-16 11:26:34', '95ID'),
('2003152', '2020-03-16 13:55:01', '87ID'),
('2003153', '2020-03-16 14:42:55', '69ID'),
('2003154', '2020-03-16 20:27:53', '123ID'),
('2003155', '2020-03-16 22:47:44', '136ID'),
('2003156', '2020-03-17 5:39:43', '146ID'),
('2003157', '2020-03-17 7:51:21', '34ID'),
('2003158', '2020-03-17 7:57:38', '124ID'),
('2003159', '2020-03-17 9:26:07', '70ID'),
('2003160', '2020-03-17 10:08:39', '92ID'),
('2003161', '2020-03-17 13:53:37', '78ID'),
('2003162', '2020-03-17 19:14:41', '2ID'),
('2003163', '2020-03-17 21:01:12', '75ID'),
('2003164', '2020-03-17 22:18:30', '47ID'),
('2003165', '2020-03-17 23:39:23', '24ID'),
('2003166', '2020-03-18 1:19:32', '113ID'),
('2003167', '2020-03-18 2:47:44', '141ID'),
('2003168', '2020-03-18 5:17:56', '58ID'),
('2003169', '2020-03-18 9:33:35', '79ID'),
('2003170', '2020-03-18 14:18:45', '98ID'),
('2003171', '2020-03-18 15:30:12', '86ID'),
('2003172', '2020-03-18 15:45:23', '60ID'),
('2003173', '2020-03-18 17:51:18', '145ID'),
('2003174', '2020-03-18 23:26:52', '30ID'),
('2003175', '2020-03-19 0:03:05', '96ID'),
('2003176', '2020-03-19 3:05:43', '108ID'),
('2003177', '2020-03-19 3:38:47', '13ID'),
('2003178', '2020-03-19 5:14:23', '117ID'),
('2003179', '2020-03-19 5:48:21', '27ID'),
('2003180', '2020-03-19 11:46:55', '90ID'),
('2003181', '2020-03-19 19:04:00', '142ID'),
('2003182', '2020-03-19 21:26:18', '33ID'),
('2003183', '2020-03-19 21:51:00', '135ID'),
('2003184', '2020-03-19 23:01:51', '36ID'),
('2003185', '2020-03-20 2:47:22', '14ID'),
('2003186', '2020-03-20 6:08:00', '16ID'),
('2003187', '2020-03-20 20:00:57', '71ID'),
('2003188', '2020-03-20 20:37:26', '57ID'),
('2003189', '2020-03-20 23:10:02', '99ID'),
('2003190', '2020-03-21 4:06:14', '91ID'),
('2003191', '2020-03-21 5:52:29', '35ID'),
('2003192', '2020-03-21 8:22:23', '121ID'),
('2003193', '2020-03-21 10:52:53', '25ID'),
('2003194', '2020-03-21 18:36:11', '51ID'),
('2003195', '2020-03-22 4:51:36', '37ID'),
('2003196', '2020-03-22 5:53:04', '53ID'),
('2003197', '2020-03-22 7:10:06', '127ID'),
('2003198', '2020-03-22 7:33:26', '110ID'),
('2003199', '2020-03-22 8:09:03', '100ID'),
('2003200', '2020-03-22 8:23:47', '118ID'),
('2003201', '2020-03-22 13:55:27', '119ID'),
('2003202', '2020-03-22 16:00:42', '129ID'),
('2003203', '2020-03-22 19:23:00', '107ID'),
('2003204', '2020-03-22 22:23:09', '101ID'),
('2003205', '2020-03-23 0:01:53', '139ID'),
('2003206', '2020-03-23 2:42:11', '55ID'),
('2003207', '2020-03-23 4:02:21', '45ID'),
('2003208', '2020-03-23 5:51:34', '77ID'),
('2003209', '2020-03-23 8:05:46', '59ID'),
('2003210', '2020-03-23 12:04:51', '42ID'),
('2003211', '2020-03-23 12:27:20', '149ID'),
('2003212', '2020-03-23 16:06:01', '8ID'),
('2003213', '2020-03-23 17:30:36', '56ID'),
('2003214', '2020-03-23 18:55:33', '61ID'),
('2003215', '2020-03-23 20:36:56', '32ID'),
('2003216', '2020-03-23 21:17:47', '26ID'),
('2003217', '2020-03-23 23:34:47', '39ID'),
('2003218', '2020-03-24 2:31:31', '80ID'),
('2003219', '2020-03-24 3:00:53', '134ID'),
('2003220', '2020-03-24 3:29:49', '97ID'),
('2003221', '2020-03-24 6:22:30', '23ID'),
('2003222', '2020-03-24 7:14:16', '81ID'),
('2003223', '2020-03-24 7:52:27', '46ID'),
('2003224', '2020-03-24 8:06:10', '84ID'),
('2003225', '2020-03-24 9:56:28', '19ID'),
('2003226', '2020-03-24 15:42:00', '9ID'),
('2003227', '2020-03-24 15:55:00', '31ID'),
('2003228', '2020-03-24 17:27:46', '48ID'),
('2003229', '2020-03-24 18:38:23', '144ID'),
('2003230', '2020-03-24 20:34:26', '1ID'),
('2003231', '2020-03-25 1:22:11', '66ID'),
('2003232', '2020-03-25 12:49:40', '130ID'),
('2003233', '2020-03-25 13:54:31', '3ID'),
('2003234', '2020-03-25 14:44:04', '22ID'),
('2003235', '2020-03-25 18:04:36', '40ID'),
('2003236', '2020-03-25 19:42:57', '125ID'),
('2003237', '2020-03-25 20:04:26', '74ID'),
('2003238', '2020-03-25 20:25:46', '94ID'),
('2003239', '2020-03-25 21:27:35', '10ID'),
('2003240', '2020-03-25 21:56:28', '52ID'),
('2003241', '2020-03-26 1:28:13', '4ID'),
('2003242', '2020-03-26 1:31:23', '21ID'),
('2003243', '2020-03-26 2:33:53', '132ID'),
('2003244', '2020-03-26 4:09:01', '105ID'),
('2003245', '2020-03-26 4:10:41', '143ID'),
('2003246', '2020-03-26 6:17:18', '17ID'),
('2003247', '2020-03-26 6:49:38', '88ID'),
('2003248', '2020-03-26 7:07:17', '15ID'),
('2003249', '2020-03-26 8:23:35', '148ID'),
('2003250', '2020-03-26 9:56:44', '102ID'),
('2003251', '2020-03-26 11:08:05', '68ID'),
('2003252', '2020-03-26 12:56:51', '44ID'),
('2003253', '2020-03-26 12:58:38', '64ID'),
('2003254', '2020-03-26 17:48:49', '65ID'),
('2003255', '2020-03-26 18:03:54', '116ID'),
('2003256', '2020-03-26 19:03:23', '137ID'),
('2003257', '2020-03-26 20:12:00', '41ID'),
('2003258', '2020-03-26 23:34:27', '50ID'),
('2003259', '2020-03-27 1:44:59', '82ID'),
('2003260', '2020-03-27 2:56:07', '18ID'),
('2003261', '2020-03-27 3:44:07', '147ID'),
('2003262', '2020-03-27 4:21:49', '73ID'),
('2003263', '2020-03-27 11:41:49', '62ID'),
('2003264', '2020-03-27 11:59:44', '7ID'),
('2003265', '2020-03-27 18:05:01', '106ID'),
('2003266', '2020-03-27 21:21:33', '11ID'),
('2003267', '2020-03-27 23:11:27', '72ID'),
('2003268', '2020-03-28 4:38:11', '12ID'),
('2003269', '2020-03-28 5:08:38', '85ID'),
('2003270', '2020-03-28 10:37:37', '115ID'),
('2003271', '2020-03-28 11:22:37', '126ID'),
('2003272', '2020-03-28 17:54:25', '138ID'),
('2003273', '2020-03-28 20:05:55', '128ID'),
('2003274', '2020-03-28 20:24:53', '38ID'),
('2003275', '2020-03-28 21:26:17', '140ID'),
('2003276', '2020-03-28 23:06:45', '20ID'),
('2003277', '2020-03-29 0:25:34', '122ID'),
('2003278', '2020-03-29 3:47:44', '43ID'),
('2003279', '2020-03-29 3:50:18', '6ID'),
('2003280', '2020-03-29 5:21:42', '28ID'),
('2003281', '2020-03-29 9:01:08', '54ID'),
('2003282', '2020-03-29 11:10:35', '104ID'),
('2003283', '2020-03-29 11:19:50', '93ID'),
('2003284', '2020-03-29 12:29:41', '63ID'),
('2003285', '2020-03-29 16:19:02', '103ID'),
('2003286', '2020-03-29 18:54:47', '109ID'),
('2003287', '2020-03-29 19:07:07', '114ID'),
('2003288', '2020-03-29 21:51:31', '49ID'),
('2003289', '2020-03-29 23:27:08', '29ID'),
('2003290', '2020-03-30 1:35:22', '120ID'),
('2003291', '2020-03-30 2:19:02', '133ID'),
('2003292', '2020-03-30 2:58:15', '83ID'),
('2003293', '2020-03-30 8:18:18', '131ID'),
('2003294', '2020-03-30 8:24:27', '89ID'),
('2003295', '2020-03-30 11:52:30', '150ID'),
('2003296', '2020-03-30 12:22:43', '112ID'),
('2003297', '2020-03-30 16:50:09', '5ID'),
('2003298', '2020-03-30 22:14:54', '76ID'),
('2003299', '2020-03-30 23:36:18', '67ID'),
('2003300', '2020-03-30 23:51:40', '111ID');

INSERT INTO orders VALUES 

('1200001', '2020-01-01', 'Delivery', '2001001'),
('1200002', '2020-01-01', 'DineIn', '2001002'),
('1200003', '2020-01-01', 'DineIn', '2001003'),
('1200004', '2020-01-01', 'DineIn', '2001004'),
('1200005', '2020-01-01', 'Delivery', '2001005'),
('1200006', '2020-01-01', 'Delivery', '2001006'),
('1200007', '2020-01-01', 'Delivery', '2001007'),
('1200008', '2020-01-01', 'Delivery', '2001008'),
('1200009', '2020-01-01', 'Delivery', '2001009'),
('1200010', '2020-01-01', 'Delivery', '2001010'),
('1200011', '2020-01-01', 'DineIn', '2001011'),
('1200012', '2020-01-01', 'Delivery', '2001012'),
('1200013', '2020-01-01', 'DineIn', '2001013'),
('1200014', '2020-01-01', 'Delivery', '2001014'),
('1200015', '2020-01-01', 'DineIn', '2001015'),
('1200016', '2020-01-01', 'Delivery', '2001016'),
('1200017', '2020-01-02', 'DineIn', '2001017'),
('1200018', '2020-01-02', 'DineIn', '2001018'),
('1200019', '2020-01-02', 'DineIn', '2001019'),
('1200020', '2020-01-02', 'Delivery', '2001020'),
('1200021', '2020-01-02', 'DineIn', '2001021'),
('1200022', '2020-01-02', 'DineIn', '2001022'),
('1200023', '2020-01-02', 'DineIn', '2001023'),
('1200024', '2020-01-02', 'Delivery', '2001024'),
('1200025', '2020-01-02', 'DineIn', '2001025'),
('1200026', '2020-01-02', 'DineIn', '2001026'),
('1200027', '2020-01-02', 'DineIn', '2001027'),
('1200028', '2020-01-02', 'DineIn', '2001028'),
('1200029', '2020-01-02', 'Delivery', '2001029'),
('1200030', '2020-01-03', 'Delivery', '2001030'),
('1200031', '2020-01-03', 'DineIn', '2001031'),
('1200032', '2020-01-03', 'DineIn', '2001032'),
('1200033', '2020-01-03', 'DineIn', '2001033'),
('1200034', '2020-01-03', 'DineIn', '2001034'),
('1200035', '2020-01-03', 'DineIn', '2001035'),
('1200036', '2020-01-04', 'Delivery', '2001036'),
('1200037', '2020-01-04', 'DineIn', '2001037'),
('1200038', '2020-01-04', 'Delivery', '2001038'),
('1200039', '2020-01-04', 'Delivery', '2001039'),
('1200040', '2020-01-04', 'Delivery', '2001040'),
('1200041', '2020-01-04', 'Delivery', '2001041'),
('1200042', '2020-01-04', 'Delivery', '2001042'),
('1200043', '2020-01-04', 'DineIn', '2001043'),
('1200044', '2020-01-04', 'DineIn', '2001044'),
('1200045', '2020-01-04', 'Delivery', '2001045'),
('1200046', '2020-01-04', 'Delivery', '2001046'),
('1200047', '2020-01-04', 'DineIn', '2001047'),
('1200048', '2020-01-04', 'DineIn', '2001048'),
('1200049', '2020-01-04', 'Delivery', '2001049'),
('1200050', '2020-01-05', 'DineIn', '2001050'),
('1200051', '2020-01-05', 'Delivery', '2001051'),
('1200052', '2020-01-05', 'Delivery', '2001052'),
('1200053', '2020-01-05', 'DineIn', '2001053'),
('1200054', '2020-01-05', 'DineIn', '2001054'),
('1200055', '2020-01-05', 'DineIn', '2001055'),
('1200056', '2020-01-05', 'DineIn', '2001056'),
('1200057', '2020-01-05', 'Delivery', '2001057'),
('1200058', '2020-01-05', 'DineIn', '2001058'),
('1200059', '2020-01-05', 'DineIn', '2001059'),
('1200060', '2020-01-05', 'DineIn', '2001060'),
('1200061', '2020-01-05', 'Delivery', '2001061'),
('1200062', '2020-01-05', 'Delivery', '2001062'),
('1200063', '2020-01-05', 'Delivery', '2001063'),
('1200064', '2020-01-05', 'DineIn', '2001064'),
('1200065', '2020-01-05', 'DineIn', '2001065'),
('1200066', '2020-01-05', 'DineIn', '2001066'),
('1200067', '2020-01-06', 'DineIn', '2001067'),
('1200068', '2020-01-06', 'DineIn', '2001068'),
('1200069', '2020-01-06', 'DineIn', '2001069'),
('1200070', '2020-01-06', 'Delivery', '2001070'),
('1200071', '2020-01-06', 'DineIn', '2001071'),
('1200072', '2020-01-06', 'DineIn', '2001072'),
('1200073', '2020-01-06', 'Delivery', '2001073'),
('1200074', '2020-01-06', 'DineIn', '2001074'),
('1200075', '2020-01-07', 'DineIn', '2001075'),
('1200076', '2020-01-07', 'DineIn', '2001076'),
('1200077', '2020-01-07', 'DineIn', '2001077'),
('1200078', '2020-01-07', 'DineIn', '2001078'),
('1200079', '2020-01-07', 'Delivery', '2001079'),
('1200080', '2020-01-07', 'DineIn', '2001080'),
('1200081', '2020-01-07', 'DineIn', '2001081'),
('1200082', '2020-01-07', 'Delivery', '2001082'),
('1200083', '2020-01-07', 'Delivery', '2001083'),
('1200084', '2020-01-07', 'Delivery', '2001084'),
('1200085', '2020-01-07', 'Delivery', '2001085'),
('1200086', '2020-01-08', 'Delivery', '2001086'),
('1200087', '2020-01-08', 'DineIn', '2001087'),
('1200088', '2020-01-08', 'Delivery', '2001088'),
('1200089', '2020-01-08', 'Delivery', '2001089'),
('1200090', '2020-01-08', 'DineIn', '2001090'),
('1200091', '2020-01-08', 'Delivery', '2001091'),
('1200092', '2020-01-08', 'DineIn', '2001092'),
('1200093', '2020-01-08', 'Delivery', '2001093'),
('1200094', '2020-01-08', 'Delivery', '2001094'),
('1200095', '2020-01-09', 'Delivery', '2001095'),
('1200096', '2020-01-09', 'DineIn', '2001096'),
('1200097', '2020-01-09', 'DineIn', '2001097'),
('1200098', '2020-01-09', 'DineIn', '2001098'),
('1200099', '2020-01-09', 'Delivery', '2001099'),
('1200100', '2020-01-09', 'DineIn', '2001100'),
('1200101', '2020-01-09', 'DineIn', '2001101'),
('1200102', '2020-01-09', 'Delivery', '2001102'),
('1200103', '2020-01-09', 'Delivery', '2001103'),
('1200104', '2020-01-09', 'Delivery', '2001104'),
('1200105', '2020-01-10', 'DineIn', '2001105'),
('1200106', '2020-01-10', 'Delivery', '2001106'),
('1200107', '2020-01-10', 'DineIn', '2001107'),
('1200108', '2020-01-10', 'Delivery', '2001108'),
('1200109', '2020-01-10', 'DineIn', '2001109'),
('1200110', '2020-01-10', 'DineIn', '2001110'),
('1200111', '2020-01-10', 'Delivery', '2001111'),
('1200112', '2020-01-10', 'Delivery', '2001112'),
('1200113', '2020-01-11', 'DineIn', '2001113'),
('1200114', '2020-01-11', 'DineIn', '2001114'),
('1200115', '2020-01-11', 'Delivery', '2001115'),
('1200116', '2020-01-11', 'Delivery', '2001116'),
('1200117', '2020-01-11', 'DineIn', '2001117'),
('1200118', '2020-01-11', 'DineIn', '2001118'),
('1200119', '2020-01-11', 'DineIn', '2001119'),
('1200120', '2020-01-11', 'DineIn', '2001120'),
('1200121', '2020-01-11', 'Delivery', '2001121'),
('1200122', '2020-01-11', 'DineIn', '2001122'),
('1200123', '2020-01-11', 'Delivery', '2001123'),
('1200124', '2020-01-11', 'DineIn', '2001124'),
('1200125', '2020-01-11', 'Delivery', '2001125'),
('1200126', '2020-01-11', 'DineIn', '2001126'),
('1200127', '2020-01-11', 'Delivery', '2001127'),
('1200128', '2020-01-11', 'DineIn', '2001128'),
('1200129', '2020-01-11', 'Delivery', '2001129'),
('1200130', '2020-01-12', 'Delivery', '2001130'),
('1200131', '2020-01-12', 'DineIn', '2001131'),
('1200132', '2020-01-12', 'DineIn', '2001132'),
('1200133', '2020-01-12', 'DineIn', '2001133'),
('1200134', '2020-01-12', 'Delivery', '2001134'),
('1200135', '2020-01-12', 'Delivery', '2001135'),
('1200136', '2020-01-12', 'DineIn', '2001136'),
('1200137', '2020-01-12', 'Delivery', '2001137'),
('1200138', '2020-01-13', 'DineIn', '2001138'),
('1200139', '2020-01-13', 'Delivery', '2001139'),
('1200140', '2020-01-13', 'DineIn', '2001140'),
('1200141', '2020-01-13', 'Delivery', '2001141'),
('1200142', '2020-01-13', 'DineIn', '2001142'),
('1200143', '2020-01-13', 'DineIn', '2001143'),
('1200144', '2020-01-14', 'DineIn', '2001144'),
('1200145', '2020-01-14', 'Delivery', '2001145'),
('1200146', '2020-01-14', 'DineIn', '2001146'),
('1200147', '2020-01-14', 'Delivery', '2001147'),
('1200148', '2020-01-14', 'Delivery', '2001148'),
('1200149', '2020-01-14', 'Delivery', '2001149'),
('1200150', '2020-01-14', 'DineIn', '2001150'),
('1200151', '2020-01-14', 'Delivery', '2001151'),
('1200152', '2020-01-14', 'DineIn', '2001152'),
('1200153', '2020-01-14', 'Delivery', '2001153'),
('1200154', '2020-01-14', 'DineIn', '2001154'),
('1200155', '2020-01-15', 'Delivery', '2001155'),
('1200156', '2020-01-15', 'DineIn', '2001156'),
('1200157', '2020-01-15', 'Delivery', '2001157'),
('1200158', '2020-01-15', 'DineIn', '2001158'),
('1200159', '2020-01-15', 'Delivery', '2001159'),
('1200160', '2020-01-15', 'Delivery', '2001160'),
('1200161', '2020-01-15', 'Delivery', '2001161'),
('1200162', '2020-01-15', 'DineIn', '2001162'),
('1200163', '2020-01-15', 'Delivery', '2001163'),
('1200164', '2020-01-16', 'DineIn', '2001164'),
('1200165', '2020-01-16', 'Delivery', '2001165'),
('1200166', '2020-01-16', 'Delivery', '2001166'),
('1200167', '2020-01-16', 'Delivery', '2001167'),
('1200168', '2020-01-16', 'DineIn', '2001168'),
('1200169', '2020-01-17', 'DineIn', '2001169'),
('1200170', '2020-01-17', 'Delivery', '2001170'),
('1200171', '2020-01-17', 'DineIn', '2001171'),
('1200172', '2020-01-17', 'Delivery', '2001172'),
('1200173', '2020-01-17', 'Delivery', '2001173'),
('1200174', '2020-01-17', 'DineIn', '2001174'),
('1200175', '2020-01-17', 'DineIn', '2001175'),
('1200176', '2020-01-17', 'Delivery', '2001176'),
('1200177', '2020-01-17', 'Delivery', '2001177'),
('1200178', '2020-01-17', 'DineIn', '2001178'),
('1200179', '2020-01-17', 'DineIn', '2001179'),
('1200180', '2020-01-17', 'DineIn', '2001180'),
('1200181', '2020-01-17', 'Delivery', '2001181'),
('1200182', '2020-01-17', 'Delivery', '2001182'),
('1200183', '2020-01-18', 'Delivery', '2001183'),
('1200184', '2020-01-18', 'Delivery', '2001184'),
('1200185', '2020-01-18', 'Delivery', '2001185'),
('1200186', '2020-01-18', 'DineIn', '2001186'),
('1200187', '2020-01-18', 'Delivery', '2001187'),
('1200188', '2020-01-18', 'DineIn', '2001188'),
('1200189', '2020-01-18', 'DineIn', '2001189'),
('1200190', '2020-01-19', 'Delivery', '2001190'),
('1200191', '2020-01-19', 'Delivery', '2001191'),
('1200192', '2020-01-19', 'DineIn', '2001192'),
('1200193', '2020-01-19', 'DineIn', '2001193'),
('1200194', '2020-01-19', 'DineIn', '2001194'),
('1200195', '2020-01-19', 'Delivery', '2001195'),
('1200196', '2020-01-19', 'Delivery', '2001196'),
('1200197', '2020-01-19', 'DineIn', '2001197'),
('1200198', '2020-01-19', 'Delivery', '2001198'),
('1200199', '2020-01-19', 'DineIn', '2001199'),
('1200200', '2020-01-19', 'DineIn', '2001200'),
('1200201', '2020-01-19', 'DineIn', '2001201'),
('1200202', '2020-01-20', 'DineIn', '2001202'),
('1200203', '2020-01-20', 'DineIn', '2001203'),
('1200204', '2020-01-20', 'DineIn', '2001204'),
('1200205', '2020-01-20', 'Delivery', '2001205'),
('1200206', '2020-01-20', 'Delivery', '2001206'),
('1200207', '2020-01-21', 'Delivery', '2001207'),
('1200208', '2020-01-21', 'DineIn', '2001208'),
('1200209', '2020-01-21', 'Delivery', '2001209'),
('1200210', '2020-01-21', 'Delivery', '2001210'),
('1200211', '2020-01-21', 'Delivery', '2001211'),
('1200212', '2020-01-21', 'Delivery', '2001212'),
('1200213', '2020-01-21', 'DineIn', '2001213'),
('1200214', '2020-01-21', 'Delivery', '2001214'),
('1200215', '2020-01-21', 'Delivery', '2001215'),
('1200216', '2020-01-21', 'Delivery', '2001216'),
('1200217', '2020-01-21', 'Delivery', '2001217'),
('1200218', '2020-01-22', 'Delivery', '2001218'),
('1200219', '2020-01-22', 'DineIn', '2001219'),
('1200220', '2020-01-22', 'Delivery', '2001220'),
('1200221', '2020-01-22', 'DineIn', '2001221'),
('1200222', '2020-01-22', 'Delivery', '2001222'),
('1200223', '2020-01-22', 'DineIn', '2001223'),
('1200224', '2020-01-22', 'DineIn', '2001224'),
('1200225', '2020-01-22', 'Delivery', '2001225'),
('1200226', '2020-01-22', 'DineIn', '2001226'),
('1200227', '2020-01-22', 'DineIn', '2001227'),
('1200228', '2020-01-22', 'DineIn', '2001228'),
('1200229', '2020-01-22', 'DineIn', '2001229'),
('1200230', '2020-01-23', 'Delivery', '2001230'),
('1200231', '2020-01-23', 'DineIn', '2001231'),
('1200232', '2020-01-23', 'DineIn', '2001232'),
('1200233', '2020-01-23', 'DineIn', '2001233'),
('1200234', '2020-01-23', 'DineIn', '2001234'),
('1200235', '2020-01-23', 'DineIn', '2001235'),
('1200236', '2020-01-23', 'Delivery', '2001236'),
('1200237', '2020-01-24', 'DineIn', '2001237'),
('1200238', '2020-01-24', 'DineIn', '2001238'),
('1200239', '2020-01-24', 'DineIn', '2001239'),
('1200240', '2020-01-24', 'Delivery', '2001240'),
('1200241', '2020-01-24', 'Delivery', '2001241'),
('1200242', '2020-01-24', 'Delivery', '2001242'),
('1200243', '2020-01-24', 'DineIn', '2001243'),
('1200244', '2020-01-25', 'Delivery', '2001244'),
('1200245', '2020-01-25', 'DineIn', '2001245'),
('1200246', '2020-01-25', 'Delivery', '2001246'),
('1200247', '2020-01-25', 'Delivery', '2001247'),
('1200248', '2020-01-25', 'Delivery', '2001248'),
('1200249', '2020-01-25', 'Delivery', '2001249'),
('1200250', '2020-01-25', 'Delivery', '2001250'),
('1200251', '2020-01-26', 'Delivery', '2001251'),
('1200252', '2020-01-26', 'DineIn', '2001252'),
('1200253', '2020-01-26', 'DineIn', '2001253'),
('1200254', '2020-01-26', 'Delivery', '2001254'),
('1200255', '2020-01-27', 'DineIn', '2001255'),
('1200256', '2020-01-27', 'Delivery', '2001256'),
('1200257', '2020-01-27', 'DineIn', '2001257'),
('1200258', '2020-01-27', 'DineIn', '2001258'),
('1200259', '2020-01-27', 'DineIn', '2001259'),
('1200260', '2020-01-27', 'Delivery', '2001260'),
('1200261', '2020-01-27', 'DineIn', '2001261'),
('1200262', '2020-01-27', 'Delivery', '2001262'),
('1200263', '2020-01-27', 'DineIn', '2001263'),
('1200264', '2020-01-28', 'DineIn', '2001264'),
('1200265', '2020-01-28', 'Delivery', '2001265'),
('1200266', '2020-01-28', 'DineIn', '2001266'),
('1200267', '2020-01-28', 'Delivery', '2001267'),
('1200268', '2020-01-28', 'DineIn', '2001268'),
('1200269', '2020-01-28', 'Delivery', '2001269'),
('1200270', '2020-01-28', 'DineIn', '2001270'),
('1200271', '2020-01-28', 'Delivery', '2001271'),
('1200272', '2020-01-28', 'Delivery', '2001272'),
('1200273', '2020-01-28', 'Delivery', '2001273'),
('1200274', '2020-01-28', 'Delivery', '2001274'),
('1200275', '2020-01-28', 'DineIn', '2001275'),
('1200276', '2020-01-28', 'DineIn', '2001276'),
('1200277', '2020-01-28', 'Delivery', '2001277'),
('1200278', '2020-01-28', 'Delivery', '2001278'),
('1200279', '2020-01-29', 'DineIn', '2001279'),
('1200280', '2020-01-29', 'DineIn', '2001280'),
('1200281', '2020-01-29', 'Delivery', '2001281'),
('1200282', '2020-01-29', 'DineIn', '2001282'),
('1200283', '2020-01-29', 'Delivery', '2001283'),
('1200284', '2020-01-29', 'Delivery', '2001284'),
('1200285', '2020-01-29', 'DineIn', '2001285'),
('1200286', '2020-01-29', 'Delivery', '2001286'),
('1200287', '2020-01-29', 'DineIn', '2001287'),
('1200288', '2020-01-29', 'DineIn', '2001288'),
('1200289', '2020-01-30', 'Delivery', '2001289'),
('1200290', '2020-01-30', 'DineIn', '2001290'),
('1200291', '2020-01-30', 'Delivery', '2001291'),
('1200292', '2020-01-30', 'DineIn', '2001292'),
('1200293', '2020-01-30', 'DineIn', '2001293'),
('1200294', '2020-01-30', 'Delivery', '2001294'),
('1200295', '2020-01-30', 'Delivery', '2001295'),
('1200296', '2020-01-30', 'DineIn', '2001296'),
('1200297', '2020-01-30', 'DineIn', '2001297'),
('1200298', '2020-01-30', 'Delivery', '2001298'),
('1200299', '2020-01-30', 'DineIn', '2001299'),
('1200300', '2020-01-30', 'DineIn', '2001300'),
('2200001', '2020-02-01', 'DineIn', '2002001'),
('2200002', '2020-02-01', 'Delivery', '2002002'),
('2200003', '2020-02-01', 'Delivery', '2002003'),
('2200004', '2020-02-01', 'Delivery', '2002004'),
('2200005', '2020-02-01', 'Delivery', '2002005'),
('2200006', '2020-02-01', 'DineIn', '2002006'),
('2200007', '2020-02-01', 'Delivery', '2002007'),
('2200008', '2020-02-01', 'DineIn', '2002008'),
('2200009', '2020-02-01', 'DineIn', '2002009'),
('2200010', '2020-02-01', 'DineIn', '2002010'),
('2200011', '2020-02-01', 'DineIn', '2002011'),
('2200012', '2020-02-01', 'DineIn', '2002012'),
('2200013', '2020-02-01', 'DineIn', '2002013'),
('2200014', '2020-02-01', 'DineIn', '2002014'),
('2200015', '2020-02-01', 'DineIn', '2002015'),
('2200016', '2020-02-02', 'DineIn', '2002016'),
('2200017', '2020-02-02', 'Delivery', '2002017'),
('2200018', '2020-02-02', 'DineIn', '2002018'),
('2200019', '2020-02-02', 'DineIn', '2002019'),
('2200020', '2020-02-02', 'Delivery', '2002020'),
('2200021', '2020-02-02', 'Delivery', '2002021'),
('2200022', '2020-02-02', 'DineIn', '2002022'),
('2200023', '2020-02-02', 'Delivery', '2002023'),
('2200024', '2020-02-03', 'Delivery', '2002024'),
('2200025', '2020-02-03', 'Delivery', '2002025'),
('2200026', '2020-02-03', 'Delivery', '2002026'),
('2200027', '2020-02-03', 'Delivery', '2002027'),
('2200028', '2020-02-03', 'Delivery', '2002028'),
('2200029', '2020-02-03', 'DineIn', '2002029'),
('2200030', '2020-02-03', 'Delivery', '2002030'),
('2200031', '2020-02-03', 'Delivery', '2002031'),
('2200032', '2020-02-03', 'DineIn', '2002032'),
('2200033', '2020-02-03', 'Delivery', '2002033'),
('2200034', '2020-02-03', 'Delivery', '2002034'),
('2200035', '2020-02-03', 'DineIn', '2002035'),
('2200036', '2020-02-03', 'Delivery', '2002036'),
('2200037', '2020-02-04', 'Delivery', '2002037'),
('2200038', '2020-02-04', 'DineIn', '2002038'),
('2200039', '2020-02-04', 'DineIn', '2002039'),
('2200040', '2020-02-04', 'DineIn', '2002040'),
('2200041', '2020-02-04', 'Delivery', '2002041'),
('2200042', '2020-02-04', 'DineIn', '2002042'),
('2200043', '2020-02-04', 'Delivery', '2002043'),
('2200044', '2020-02-04', 'DineIn', '2002044'),
('2200045', '2020-02-04', 'Delivery', '2002045'),
('2200046', '2020-02-04', 'DineIn', '2002046'),
('2200047', '2020-02-04', 'DineIn', '2002047'),
('2200048', '2020-02-04', 'Delivery', '2002048'),
('2200049', '2020-02-04', 'Delivery', '2002049'),
('2200050', '2020-02-04', 'DineIn', '2002050'),
('2200051', '2020-02-05', 'DineIn', '2002051'),
('2200052', '2020-02-05', 'Delivery', '2002052'),
('2200053', '2020-02-05', 'Delivery', '2002053'),
('2200054', '2020-02-05', 'DineIn', '2002054'),
('2200055', '2020-02-05', 'Delivery', '2002055'),
('2200056', '2020-02-05', 'Delivery', '2002056'),
('2200057', '2020-02-05', 'DineIn', '2002057'),
('2200058', '2020-02-05', 'Delivery', '2002058'),
('2200059', '2020-02-06', 'DineIn', '2002059'),
('2200060', '2020-02-06', 'DineIn', '2002060'),
('2200061', '2020-02-06', 'Delivery', '2002061'),
('2200062', '2020-02-06', 'Delivery', '2002062'),
('2200063', '2020-02-06', 'DineIn', '2002063'),
('2200064', '2020-02-06', 'Delivery', '2002064'),
('2200065', '2020-02-06', 'Delivery', '2002065'),
('2200066', '2020-02-06', 'DineIn', '2002066'),
('2200067', '2020-02-06', 'Delivery', '2002067'),
('2200068', '2020-02-06', 'DineIn', '2002068'),
('2200069', '2020-02-06', 'Delivery', '2002069'),
('2200070', '2020-02-07', 'Delivery', '2002070'),
('2200071', '2020-02-07', 'DineIn', '2002071'),
('2200072', '2020-02-07', 'Delivery', '2002072'),
('2200073', '2020-02-07', 'Delivery', '2002073'),
('2200074', '2020-02-07', 'Delivery', '2002074'),
('2200075', '2020-02-07', 'DineIn', '2002075'),
('2200076', '2020-02-07', 'Delivery', '2002076'),
('2200077', '2020-02-07', 'Delivery', '2002077'),
('2200078', '2020-02-07', 'DineIn', '2002078'),
('2200079', '2020-02-07', 'DineIn', '2002079'),
('2200080', '2020-02-08', 'Delivery', '2002080'),
('2200081', '2020-02-08', 'DineIn', '2002081'),
('2200082', '2020-02-08', 'DineIn', '2002082'),
('2200083', '2020-02-08', 'Delivery', '2002083'),
('2200084', '2020-02-08', 'Delivery', '2002084'),
('2200085', '2020-02-08', 'DineIn', '2002085'),
('2200086', '2020-02-09', 'DineIn', '2002086'),
('2200087', '2020-02-09', 'Delivery', '2002087'),
('2200088', '2020-02-09', 'DineIn', '2002088'),
('2200089', '2020-02-09', 'DineIn', '2002089'),
('2200090', '2020-02-09', 'DineIn', '2002090'),
('2200091', '2020-02-09', 'Delivery', '2002091'),
('2200092', '2020-02-09', 'Delivery', '2002092'),
('2200093', '2020-02-09', 'Delivery', '2002093'),
('2200094', '2020-02-09', 'Delivery', '2002094'),
('2200095', '2020-02-09', 'DineIn', '2002095'),
('2200096', '2020-02-09', 'DineIn', '2002096'),
('2200097', '2020-02-09', 'Delivery', '2002097'),
('2200098', '2020-02-09', 'DineIn', '2002098'),
('2200099', '2020-02-09', 'DineIn', '2002099'),
('2200100', '2020-02-10', 'DineIn', '2002100'),
('2200101', '2020-02-10', 'Delivery', '2002101'),
('2200102', '2020-02-10', 'DineIn', '2002102'),
('2200103', '2020-02-10', 'Delivery', '2002103'),
('2200104', '2020-02-10', 'DineIn', '2002104'),
('2200105', '2020-02-10', 'DineIn', '2002105'),
('2200106', '2020-02-10', 'DineIn', '2002106'),
('2200107', '2020-02-10', 'Delivery', '2002107'),
('2200108', '2020-02-10', 'Delivery', '2002108'),
('2200109', '2020-02-10', 'Delivery', '2002109'),
('2200110', '2020-02-10', 'Delivery', '2002110'),
('2200111', '2020-02-10', 'DineIn', '2002111'),
('2200112', '2020-02-11', 'Delivery', '2002112'),
('2200113', '2020-02-11', 'Delivery', '2002113'),
('2200114', '2020-02-11', 'DineIn', '2002114'),
('2200115', '2020-02-11', 'DineIn', '2002115'),
('2200116', '2020-02-11', 'DineIn', '2002116'),
('2200117', '2020-02-11', 'DineIn', '2002117'),
('2200118', '2020-02-11', 'Delivery', '2002118'),
('2200119', '2020-02-11', 'DineIn', '2002119'),
('2200120', '2020-02-11', 'Delivery', '2002120'),
('2200121', '2020-02-11', 'Delivery', '2002121'),
('2200122', '2020-02-11', 'Delivery', '2002122'),
('2200123', '2020-02-11', 'Delivery', '2002123'),
('2200124', '2020-02-11', 'Delivery', '2002124'),
('2200125', '2020-02-11', 'Delivery', '2002125'),
('2200126', '2020-02-11', 'DineIn', '2002126'),
('2200127', '2020-02-12', 'DineIn', '2002127'),
('2200128', '2020-02-12', 'Delivery', '2002128'),
('2200129', '2020-02-12', 'DineIn', '2002129'),
('2200130', '2020-02-12', 'DineIn', '2002130'),
('2200131', '2020-02-12', 'DineIn', '2002131'),
('2200132', '2020-02-12', 'Delivery', '2002132'),
('2200133', '2020-02-13', 'Delivery', '2002133'),
('2200134', '2020-02-13', 'DineIn', '2002134'),
('2200135', '2020-02-13', 'DineIn', '2002135'),
('2200136', '2020-02-13', 'Delivery', '2002136'),
('2200137', '2020-02-13', 'DineIn', '2002137'),
('2200138', '2020-02-13', 'Delivery', '2002138'),
('2200139', '2020-02-13', 'DineIn', '2002139'),
('2200140', '2020-02-13', 'DineIn', '2002140'),
('2200141', '2020-02-13', 'Delivery', '2002141'),
('2200142', '2020-02-13', 'DineIn', '2002142'),
('2200143', '2020-02-13', 'DineIn', '2002143'),
('2200144', '2020-02-14', 'DineIn', '2002144'),
('2200145', '2020-02-14', 'DineIn', '2002145'),
('2200146', '2020-02-14', 'Delivery', '2002146'),
('2200147', '2020-02-14', 'Delivery', '2002147'),
('2200148', '2020-02-14', 'Delivery', '2002148'),
('2200149', '2020-02-14', 'DineIn', '2002149'),
('2200150', '2020-02-14', 'DineIn', '2002150'),
('2200151', '2020-02-14', 'Delivery', '2002151'),
('2200152', '2020-02-14', 'Delivery', '2002152'),
('2200153', '2020-02-14', 'Delivery', '2002153'),
('2200154', '2020-02-14', 'Delivery', '2002154'),
('2200155', '2020-02-14', 'DineIn', '2002155'),
('2200156', '2020-02-14', 'DineIn', '2002156'),
('2200157', '2020-02-14', 'Delivery', '2002157'),
('2200158', '2020-02-15', 'DineIn', '2002158'),
('2200159', '2020-02-15', 'Delivery', '2002159'),
('2200160', '2020-02-15', 'DineIn', '2002160'),
('2200161', '2020-02-15', 'DineIn', '2002161'),
('2200162', '2020-02-15', 'Delivery', '2002162'),
('2200163', '2020-02-15', 'Delivery', '2002163'),
('2200164', '2020-02-16', 'Delivery', '2002164'),
('2200165', '2020-02-16', 'DineIn', '2002165'),
('2200166', '2020-02-16', 'DineIn', '2002166'),
('2200167', '2020-02-16', 'DineIn', '2002167'),
('2200168', '2020-02-16', 'DineIn', '2002168'),
('2200169', '2020-02-16', 'Delivery', '2002169'),
('2200170', '2020-02-16', 'DineIn', '2002170'),
('2200171', '2020-02-16', 'DineIn', '2002171'),
('2200172', '2020-02-16', 'DineIn', '2002172'),
('2200173', '2020-02-16', 'DineIn', '2002173'),
('2200174', '2020-02-17', 'DineIn', '2002174'),
('2200175', '2020-02-17', 'Delivery', '2002175'),
('2200176', '2020-02-17', 'DineIn', '2002176'),
('2200177', '2020-02-17', 'Delivery', '2002177'),
('2200178', '2020-02-17', 'DineIn', '2002178'),
('2200179', '2020-02-17', 'Delivery', '2002179'),
('2200180', '2020-02-17', 'Delivery', '2002180'),
('2200181', '2020-02-17', 'DineIn', '2002181'),
('2200182', '2020-02-17', 'Delivery', '2002182'),
('2200183', '2020-02-18', 'Delivery', '2002183'),
('2200184', '2020-02-18', 'Delivery', '2002184'),
('2200185', '2020-02-18', 'DineIn', '2002185'),
('2200186', '2020-02-18', 'DineIn', '2002186'),
('2200187', '2020-02-18', 'Delivery', '2002187'),
('2200188', '2020-02-18', 'DineIn', '2002188'),
('2200189', '2020-02-18', 'DineIn', '2002189'),
('2200190', '2020-02-18', 'DineIn', '2002190'),
('2200191', '2020-02-18', 'DineIn', '2002191'),
('2200192', '2020-02-18', 'DineIn', '2002192'),
('2200193', '2020-02-18', 'DineIn', '2002193'),
('2200194', '2020-02-18', 'DineIn', '2002194'),
('2200195', '2020-02-18', 'Delivery', '2002195'),
('2200196', '2020-02-19', 'DineIn', '2002196'),
('2200197', '2020-02-19', 'DineIn', '2002197'),
('2200198', '2020-02-19', 'DineIn', '2002198'),
('2200199', '2020-02-19', 'Delivery', '2002199'),
('2200200', '2020-02-19', 'Delivery', '2002200'),
('2200201', '2020-02-19', 'Delivery', '2002201'),
('2200202', '2020-02-19', 'DineIn', '2002202'),
('2200203', '2020-02-19', 'Delivery', '2002203'),
('2200204', '2020-02-19', 'DineIn', '2002204'),
('2200205', '2020-02-19', 'DineIn', '2002205'),
('2200206', '2020-02-19', 'DineIn', '2002206'),
('2200207', '2020-02-20', 'DineIn', '2002207'),
('2200208', '2020-02-20', 'Delivery', '2002208'),
('2200209', '2020-02-20', 'Delivery', '2002209'),
('2200210', '2020-02-21', 'DineIn', '2002210'),
('2200211', '2020-02-21', 'Delivery', '2002211'),
('2200212', '2020-02-21', 'Delivery', '2002212'),
('2200213', '2020-02-21', 'DineIn', '2002213'),
('2200214', '2020-02-21', 'Delivery', '2002214'),
('2200215', '2020-02-21', 'DineIn', '2002215'),
('2200216', '2020-02-21', 'Delivery', '2002216'),
('2200217', '2020-02-21', 'DineIn', '2002217'),
('2200218', '2020-02-21', 'DineIn', '2002218'),
('2200219', '2020-02-21', 'DineIn', '2002219'),
('2200220', '2020-02-21', 'DineIn', '2002220'),
('2200221', '2020-02-21', 'DineIn', '2002221'),
('2200222', '2020-02-21', 'DineIn', '2002222'),
('2200223', '2020-02-21', 'DineIn', '2002223'),
('2200224', '2020-02-21', 'Delivery', '2002224'),
('2200225', '2020-02-21', 'DineIn', '2002225'),
('2200226', '2020-02-21', 'Delivery', '2002226'),
('2200227', '2020-02-21', 'DineIn', '2002227'),
('2200228', '2020-02-22', 'DineIn', '2002228'),
('2200229', '2020-02-22', 'Delivery', '2002229'),
('2200230', '2020-02-22', 'Delivery', '2002230'),
('2200231', '2020-02-22', 'Delivery', '2002231'),
('2200232', '2020-02-22', 'Delivery', '2002232'),
('2200233', '2020-02-22', 'Delivery', '2002233'),
('2200234', '2020-02-22', 'DineIn', '2002234'),
('2200235', '2020-02-22', 'Delivery', '2002235'),
('2200236', '2020-02-22', 'DineIn', '2002236'),
('2200237', '2020-02-22', 'DineIn', '2002237'),
('2200238', '2020-02-23', 'DineIn', '2002238'),
('2200239', '2020-02-23', 'Delivery', '2002239'),
('2200240', '2020-02-23', 'Delivery', '2002240'),
('2200241', '2020-02-23', 'Delivery', '2002241'),
('2200242', '2020-02-23', 'Delivery', '2002242'),
('2200243', '2020-02-23', 'DineIn', '2002243'),
('2200244', '2020-02-23', 'DineIn', '2002244'),
('2200245', '2020-02-23', 'Delivery', '2002245'),
('2200246', '2020-02-23', 'DineIn', '2002246'),
('2200247', '2020-02-24', 'DineIn', '2002247'),
('2200248', '2020-02-24', 'DineIn', '2002248'),
('2200249', '2020-02-24', 'Delivery', '2002249'),
('2200250', '2020-02-24', 'Delivery', '2002250'),
('2200251', '2020-02-24', 'DineIn', '2002251'),
('2200252', '2020-02-24', 'DineIn', '2002252'),
('2200253', '2020-02-24', 'Delivery', '2002253'),
('2200254', '2020-02-24', 'Delivery', '2002254'),
('2200255', '2020-02-24', 'Delivery', '2002255'),
('2200256', '2020-02-24', 'Delivery', '2002256'),
('2200257', '2020-02-25', 'DineIn', '2002257'),
('2200258', '2020-02-25', 'Delivery', '2002258'),
('2200259', '2020-02-25', 'Delivery', '2002259'),
('2200260', '2020-02-25', 'Delivery', '2002260'),
('2200261', '2020-02-25', 'Delivery', '2002261'),
('2200262', '2020-02-25', 'DineIn', '2002262'),
('2200263', '2020-02-25', 'Delivery', '2002263'),
('2200264', '2020-02-25', 'DineIn', '2002264'),
('2200265', '2020-02-25', 'Delivery', '2002265'),
('2200266', '2020-02-25', 'DineIn', '2002266'),
('2200267', '2020-02-25', 'DineIn', '2002267'),
('2200268', '2020-02-25', 'Delivery', '2002268'),
('2200269', '2020-02-25', 'Delivery', '2002269'),
('2200270', '2020-02-25', 'Delivery', '2002270'),
('2200271', '2020-02-26', 'DineIn', '2002271'),
('2200272', '2020-02-26', 'DineIn', '2002272'),
('2200273', '2020-02-26', 'Delivery', '2002273'),
('2200274', '2020-02-26', 'DineIn', '2002274'),
('2200275', '2020-02-26', 'Delivery', '2002275'),
('2200276', '2020-02-26', 'DineIn', '2002276'),
('2200277', '2020-02-26', 'DineIn', '2002277'),
('2200278', '2020-02-26', 'DineIn', '2002278'),
('2200279', '2020-02-26', 'DineIn', '2002279'),
('2200280', '2020-02-26', 'Delivery', '2002280'),
('2200281', '2020-02-26', 'DineIn', '2002281'),
('2200282', '2020-02-26', 'DineIn', '2002282'),
('2200283', '2020-02-27', 'DineIn', '2002283'),
('2200284', '2020-02-27', 'Delivery', '2002284'),
('2200285', '2020-02-27', 'Delivery', '2002285'),
('2200286', '2020-02-27', 'DineIn', '2002286'),
('2200287', '2020-02-27', 'Delivery', '2002287'),
('2200288', '2020-02-27', 'Delivery', '2002288'),
('2200289', '2020-02-28', 'DineIn', '2002289'),
('2200290', '2020-02-28', 'Delivery', '2002290'),
('2200291', '2020-02-28', 'Delivery', '2002291'),
('2200292', '2020-02-28', 'DineIn', '2002292'),
('2200293', '2020-02-28', 'Delivery', '2002293'),
('2200294', '2020-02-28', 'DineIn', '2002294'),
('2200295', '2020-02-28', 'DineIn', '2002295'),
('2200296', '2020-02-28', 'DineIn', '2002296'),
('2200297', '2020-02-28', 'Delivery', '2002297'),
('2200298', '2020-02-28', 'Delivery', '2002298'),
('2200299', '2020-02-28', 'DineIn', '2002299'),
('2200300', '2020-02-28', 'Delivery', '2002300'),
('3200001', '2020-03-01', 'DineIn', '2003001'),
('3200002', '2020-03-01', 'Delivery', '2003002'),
('3200003', '2020-03-01', 'Delivery', '2003003'),
('3200004', '2020-03-01', 'Delivery', '2003004'),
('3200005', '2020-03-02', 'Delivery', '2003005'),
('3200006', '2020-03-02', 'DineIn', '2003006'),
('3200007', '2020-03-02', 'DineIn', '2003007'),
('3200008', '2020-03-02', 'Delivery', '2003008'),
('3200009', '2020-03-02', 'DineIn', '2003009'),
('3200010', '2020-03-02', 'Delivery', '2003010'),
('3200011', '2020-03-02', 'DineIn', '2003011'),
('3200012', '2020-03-02', 'Delivery', '2003012'),
('3200013', '2020-03-02', 'Delivery', '2003013'),
('3200014', '2020-03-02', 'DineIn', '2003014'),
('3200015', '2020-03-02', 'Delivery', '2003015'),
('3200016', '2020-03-03', 'DineIn', '2003016'),
('3200017', '2020-03-03', 'DineIn', '2003017'),
('3200018', '2020-03-03', 'DineIn', '2003018'),
('3200019', '2020-03-03', 'Delivery', '2003019'),
('3200020', '2020-03-03', 'Delivery', '2003020'),
('3200021', '2020-03-03', 'DineIn', '2003021'),
('3200022', '2020-03-03', 'Delivery', '2003022'),
('3200023', '2020-03-03', 'DineIn', '2003023'),
('3200024', '2020-03-03', 'Delivery', '2003024'),
('3200025', '2020-03-03', 'Delivery', '2003025'),
('3200026', '2020-03-03', 'Delivery', '2003026'),
('3200027', '2020-03-03', 'DineIn', '2003027'),
('3200028', '2020-03-04', 'Delivery', '2003028'),
('3200029', '2020-03-04', 'Delivery', '2003029'),
('3200030', '2020-03-04', 'Delivery', '2003030'),
('3200031', '2020-03-04', 'DineIn', '2003031'),
('3200032', '2020-03-04', 'Delivery', '2003032'),
('3200033', '2020-03-04', 'DineIn', '2003033'),
('3200034', '2020-03-04', 'Delivery', '2003034'),
('3200035', '2020-03-04', 'DineIn', '2003035'),
('3200036', '2020-03-04', 'DineIn', '2003036'),
('3200037', '2020-03-04', 'Delivery', '2003037'),
('3200038', '2020-03-04', 'Delivery', '2003038'),
('3200039', '2020-03-04', 'Delivery', '2003039'),
('3200040', '2020-03-04', 'DineIn', '2003040'),
('3200041', '2020-03-05', 'Delivery', '2003041'),
('3200042', '2020-03-05', 'DineIn', '2003042'),
('3200043', '2020-03-05', 'Delivery', '2003043'),
('3200044', '2020-03-05', 'DineIn', '2003044'),
('3200045', '2020-03-05', 'Delivery', '2003045'),
('3200046', '2020-03-05', 'DineIn', '2003046'),
('3200047', '2020-03-05', 'Delivery', '2003047'),
('3200048', '2020-03-05', 'DineIn', '2003048'),
('3200049', '2020-03-06', 'Delivery', '2003049'),
('3200050', '2020-03-06', 'DineIn', '2003050'),
('3200051', '2020-03-06', 'Delivery', '2003051'),
('3200052', '2020-03-06', 'DineIn', '2003052'),
('3200053', '2020-03-06', 'DineIn', '2003053'),
('3200054', '2020-03-06', 'Delivery', '2003054'),
('3200055', '2020-03-06', 'Delivery', '2003055'),
('3200056', '2020-03-07', 'Delivery', '2003056'),
('3200057', '2020-03-07', 'DineIn', '2003057'),
('3200058', '2020-03-07', 'DineIn', '2003058'),
('3200059', '2020-03-07', 'DineIn', '2003059'),
('3200060', '2020-03-07', 'DineIn', '2003060'),
('3200061', '2020-03-07', 'DineIn', '2003061'),
('3200062', '2020-03-07', 'Delivery', '2003062'),
('3200063', '2020-03-07', 'DineIn', '2003063'),
('3200064', '2020-03-08', 'Delivery', '2003064'),
('3200065', '2020-03-08', 'DineIn', '2003065'),
('3200066', '2020-03-08', 'DineIn', '2003066'),
('3200067', '2020-03-08', 'DineIn', '2003067'),
('3200068', '2020-03-08', 'DineIn', '2003068'),
('3200069', '2020-03-08', 'DineIn', '2003069'),
('3200070', '2020-03-08', 'Delivery', '2003070'),
('3200071', '2020-03-08', 'DineIn', '2003071'),
('3200072', '2020-03-08', 'Delivery', '2003072'),
('3200073', '2020-03-09', 'DineIn', '2003073'),
('3200074', '2020-03-09', 'Delivery', '2003074'),
('3200075', '2020-03-09', 'Delivery', '2003075'),
('3200076', '2020-03-09', 'Delivery', '2003076'),
('3200077', '2020-03-09', 'DineIn', '2003077'),
('3200078', '2020-03-09', 'Delivery', '2003078'),
('3200079', '2020-03-09', 'Delivery', '2003079'),
('3200080', '2020-03-09', 'DineIn', '2003080'),
('3200081', '2020-03-09', 'Delivery', '2003081'),
('3200082', '2020-03-09', 'DineIn', '2003082'),
('3200083', '2020-03-10', 'Delivery', '2003083'),
('3200084', '2020-03-10', 'Delivery', '2003084'),
('3200085', '2020-03-10', 'Delivery', '2003085'),
('3200086', '2020-03-10', 'Delivery', '2003086'),
('3200087', '2020-03-10', 'DineIn', '2003087'),
('3200088', '2020-03-10', 'Delivery', '2003088'),
('3200089', '2020-03-11', 'DineIn', '2003089'),
('3200090', '2020-03-11', 'Delivery', '2003090'),
('3200091', '2020-03-11', 'DineIn', '2003091'),
('3200092', '2020-03-11', 'Delivery', '2003092'),
('3200093', '2020-03-11', 'Delivery', '2003093'),
('3200094', '2020-03-11', 'DineIn', '2003094'),
('3200095', '2020-03-11', 'Delivery', '2003095'),
('3200096', '2020-03-11', 'DineIn', '2003096'),
('3200097', '2020-03-11', 'Delivery', '2003097'),
('3200098', '2020-03-11', 'Delivery', '2003098'),
('3200099', '2020-03-11', 'DineIn', '2003099'),
('3200100', '2020-03-11', 'Delivery', '2003100'),
('3200101', '2020-03-11', 'DineIn', '2003101'),
('3200102', '2020-03-12', 'DineIn', '2003102'),
('3200103', '2020-03-12', 'Delivery', '2003103'),
('3200104', '2020-03-12', 'DineIn', '2003104'),
('3200105', '2020-03-12', 'DineIn', '2003105'),
('3200106', '2020-03-12', 'Delivery', '2003106'),
('3200107', '2020-03-12', 'DineIn', '2003107'),
('3200108', '2020-03-12', 'Delivery', '2003108'),
('3200109', '2020-03-12', 'DineIn', '2003109'),
('3200110', '2020-03-13', 'DineIn', '2003110'),
('3200111', '2020-03-13', 'Delivery', '2003111'),
('3200112', '2020-03-13', 'DineIn', '2003112'),
('3200113', '2020-03-13', 'DineIn', '2003113'),
('3200114', '2020-03-13', 'Delivery', '2003114'),
('3200115', '2020-03-13', 'DineIn', '2003115'),
('3200116', '2020-03-13', 'DineIn', '2003116'),
('3200117', '2020-03-13', 'Delivery', '2003117'),
('3200118', '2020-03-13', 'DineIn', '2003118'),
('3200119', '2020-03-13', 'Delivery', '2003119'),
('3200120', '2020-03-13', 'Delivery', '2003120'),
('3200121', '2020-03-13', 'DineIn', '2003121'),
('3200122', '2020-03-13', 'DineIn', '2003122'),
('3200123', '2020-03-13', 'Delivery', '2003123'),
('3200124', '2020-03-13', 'Delivery', '2003124'),
('3200125', '2020-03-13', 'Delivery', '2003125'),
('3200126', '2020-03-13', 'Delivery', '2003126'),
('3200127', '2020-03-13', 'DineIn', '2003127'),
('3200128', '2020-03-13', 'Delivery', '2003128'),
('3200129', '2020-03-13', 'Delivery', '2003129'),
('3200130', '2020-03-14', 'Delivery', '2003130'),
('3200131', '2020-03-14', 'Delivery', '2003131'),
('3200132', '2020-03-14', 'Delivery', '2003132'),
('3200133', '2020-03-14', 'DineIn', '2003133'),
('3200134', '2020-03-14', 'DineIn', '2003134'),
('3200135', '2020-03-14', 'Delivery', '2003135'),
('3200136', '2020-03-14', 'DineIn', '2003136'),
('3200137', '2020-03-14', 'Delivery', '2003137'),
('3200138', '2020-03-14', 'DineIn', '2003138'),
('3200139', '2020-03-14', 'Delivery', '2003139'),
('3200140', '2020-03-14', 'Delivery', '2003140'),
('3200141', '2020-03-15', 'DineIn', '2003141'),
('3200142', '2020-03-15', 'Delivery', '2003142'),
('3200143', '2020-03-15', 'DineIn', '2003143'),
('3200144', '2020-03-15', 'DineIn', '2003144'),
('3200145', '2020-03-15', 'DineIn', '2003145'),
('3200146', '2020-03-15', 'DineIn', '2003146'),
('3200147', '2020-03-15', 'Delivery', '2003147'),
('3200148', '2020-03-15', 'Delivery', '2003148'),
('3200149', '2020-03-15', 'Delivery', '2003149'),
('3200150', '2020-03-15', 'DineIn', '2003150'),
('3200151', '2020-03-15', 'DineIn', '2003151'),
('3200152', '2020-03-15', 'Delivery', '2003152'),
('3200153', '2020-03-15', 'DineIn', '2003153'),
('3200154', '2020-03-16', 'Delivery', '2003154'),
('3200155', '2020-03-16', 'DineIn', '2003155'),
('3200156', '2020-03-16', 'Delivery', '2003156'),
('3200157', '2020-03-16', 'Delivery', '2003157'),
('3200158', '2020-03-16', 'DineIn', '2003158'),
('3200159', '2020-03-16', 'DineIn', '2003159'),
('3200160', '2020-03-16', 'Delivery', '2003160'),
('3200161', '2020-03-16', 'DineIn', '2003161'),
('3200162', '2020-03-16', 'DineIn', '2003162'),
('3200163', '2020-03-16', 'DineIn', '2003163'),
('3200164', '2020-03-17', 'DineIn', '2003164'),
('3200165', '2020-03-17', 'Delivery', '2003165'),
('3200166', '2020-03-17', 'DineIn', '2003166'),
('3200167', '2020-03-17', 'DineIn', '2003167'),
('3200168', '2020-03-17', 'DineIn', '2003168'),
('3200169', '2020-03-17', 'DineIn', '2003169'),
('3200170', '2020-03-17', 'Delivery', '2003170'),
('3200171', '2020-03-17', 'DineIn', '2003171'),
('3200172', '2020-03-17', 'Delivery', '2003172'),
('3200173', '2020-03-17', 'DineIn', '2003173'),
('3200174', '2020-03-17', 'Delivery', '2003174'),
('3200175', '2020-03-17', 'Delivery', '2003175'),
('3200176', '2020-03-17', 'Delivery', '2003176'),
('3200177', '2020-03-17', 'DineIn', '2003177'),
('3200178', '2020-03-18', 'Delivery', '2003178'),
('3200179', '2020-03-18', 'Delivery', '2003179'),
('3200180', '2020-03-18', 'DineIn', '2003180'),
('3200181', '2020-03-18', 'DineIn', '2003181'),
('3200182', '2020-03-18', 'DineIn', '2003182'),
('3200183', '2020-03-18', 'Delivery', '2003183'),
('3200184', '2020-03-18', 'DineIn', '2003184'),
('3200185', '2020-03-18', 'DineIn', '2003185'),
('3200186', '2020-03-19', 'Delivery', '2003186'),
('3200187', '2020-03-19', 'DineIn', '2003187'),
('3200188', '2020-03-19', 'DineIn', '2003188'),
('3200189', '2020-03-19', 'Delivery', '2003189'),
('3200190', '2020-03-19', 'DineIn', '2003190'),
('3200191', '2020-03-19', 'Delivery', '2003191'),
('3200192', '2020-03-19', 'DineIn', '2003192'),
('3200193', '2020-03-19', 'DineIn', '2003193'),
('3200194', '2020-03-19', 'Delivery', '2003194'),
('3200195', '2020-03-19', 'Delivery', '2003195'),
('3200196', '2020-03-19', 'Delivery', '2003196'),
('3200197', '2020-03-19', 'Delivery', '2003197'),
('3200198', '2020-03-19', 'Delivery', '2003198'),
('3200199', '2020-03-19', 'Delivery', '2003199'),
('3200200', '2020-03-19', 'Delivery', '2003200'),
('3200201', '2020-03-20', 'DineIn', '2003201'),
('3200202', '2020-03-20', 'Delivery', '2003202'),
('3200203', '2020-03-20', 'Delivery', '2003203'),
('3200204', '2020-03-20', 'Delivery', '2003204'),
('3200205', '2020-03-20', 'Delivery', '2003205'),
('3200206', '2020-03-20', 'DineIn', '2003206'),
('3200207', '2020-03-20', 'DineIn', '2003207'),
('3200208', '2020-03-20', 'Delivery', '2003208'),
('3200209', '2020-03-20', 'DineIn', '2003209'),
('3200210', '2020-03-21', 'Delivery', '2003210'),
('3200211', '2020-03-21', 'DineIn', '2003211'),
('3200212', '2020-03-21', 'Delivery', '2003212'),
('3200213', '2020-03-21', 'Delivery', '2003213'),
('3200214', '2020-03-21', 'DineIn', '2003214'),
('3200215', '2020-03-21', 'Delivery', '2003215'),
('3200216', '2020-03-21', 'DineIn', '2003216'),
('3200217', '2020-03-21', 'DineIn', '2003217'),
('3200218', '2020-03-21', 'DineIn', '2003218'),
('3200219', '2020-03-21', 'Delivery', '2003219'),
('3200220', '2020-03-21', 'Delivery', '2003220'),
('3200221', '2020-03-22', 'DineIn', '2003221'),
('3200222', '2020-03-22', 'Delivery', '2003222'),
('3200223', '2020-03-22', 'DineIn', '2003223'),
('3200224', '2020-03-22', 'Delivery', '2003224'),
('3200225', '2020-03-22', 'Delivery', '2003225'),
('3200226', '2020-03-22', 'Delivery', '2003226'),
('3200227', '2020-03-22', 'DineIn', '2003227'),
('3200228', '2020-03-22', 'Delivery', '2003228'),
('3200229', '2020-03-22', 'Delivery', '2003229'),
('3200230', '2020-03-23', 'Delivery', '2003230'),
('3200231', '2020-03-23', 'DineIn', '2003231'),
('3200232', '2020-03-23', 'Delivery', '2003232'),
('3200233', '2020-03-23', 'DineIn', '2003233'),
('3200234', '2020-03-23', 'Delivery', '2003234'),
('3200235', '2020-03-23', 'DineIn', '2003235'),
('3200236', '2020-03-23', 'DineIn', '2003236'),
('3200237', '2020-03-23', 'Delivery', '2003237'),
('3200238', '2020-03-24', 'Delivery', '2003238'),
('3200239', '2020-03-24', 'Delivery', '2003239'),
('3200240', '2020-03-24', 'DineIn', '2003240'),
('3200241', '2020-03-24', 'Delivery', '2003241'),
('3200242', '2020-03-24', 'DineIn', '2003242'),
('3200243', '2020-03-24', 'Delivery', '2003243'),
('3200244', '2020-03-24', 'DineIn', '2003244'),
('3200245', '2020-03-24', 'Delivery', '2003245'),
('3200246', '2020-03-24', 'DineIn', '2003246'),
('3200247', '2020-03-24', 'Delivery', '2003247'),
('3200248', '2020-03-24', 'DineIn', '2003248'),
('3200249', '2020-03-25', 'Delivery', '2003249'),
('3200250', '2020-03-25', 'DineIn', '2003250'),
('3200251', '2020-03-25', 'Delivery', '2003251'),
('3200252', '2020-03-25', 'DineIn', '2003252'),
('3200253', '2020-03-25', 'DineIn', '2003253'),
('3200254', '2020-03-25', 'Delivery', '2003254'),
('3200255', '2020-03-25', 'Delivery', '2003255'),
('3200256', '2020-03-25', 'Delivery', '2003256'),
('3200257', '2020-03-26', 'DineIn', '2003257'),
('3200258', '2020-03-26', 'DineIn', '2003258'),
('3200259', '2020-03-26', 'DineIn', '2003259'),
('3200260', '2020-03-26', 'DineIn', '2003260'),
('3200261', '2020-03-26', 'DineIn', '2003261'),
('3200262', '2020-03-26', 'Delivery', '2003262'),
('3200263', '2020-03-26', 'DineIn', '2003263'),
('3200264', '2020-03-26', 'Delivery', '2003264'),
('3200265', '2020-03-26', 'DineIn', '2003265'),
('3200266', '2020-03-26', 'DineIn', '2003266'),
('3200267', '2020-03-26', 'DineIn', '2003267'),
('3200268', '2020-03-26', 'DineIn', '2003268'),
('3200269', '2020-03-27', 'DineIn', '2003269'),
('3200270', '2020-03-27', 'Delivery', '2003270'),
('3200271', '2020-03-27', 'DineIn', '2003271'),
('3200272', '2020-03-27', 'Delivery', '2003272'),
('3200273', '2020-03-27', 'DineIn', '2003273'),
('3200274', '2020-03-27', 'Delivery', '2003274'),
('3200275', '2020-03-27', 'Delivery', '2003275'),
('3200276', '2020-03-27', 'Delivery', '2003276'),
('3200277', '2020-03-28', 'DineIn', '2003277'),
('3200278', '2020-03-28', 'Delivery', '2003278'),
('3200279', '2020-03-28', 'Delivery', '2003279'),
('3200280', '2020-03-28', 'DineIn', '2003280'),
('3200281', '2020-03-28', 'Delivery', '2003281'),
('3200282', '2020-03-28', 'DineIn', '2003282'),
('3200283', '2020-03-28', 'Delivery', '2003283'),
('3200284', '2020-03-28', 'Delivery', '2003284'),
('3200285', '2020-03-28', 'Delivery', '2003285'),
('3200286', '2020-03-29', 'Delivery', '2003286'),
('3200287', '2020-03-29', 'DineIn', '2003287'),
('3200288', '2020-03-29', 'Delivery', '2003288'),
('3200289', '2020-03-29', 'DineIn', '2003289'),
('3200290', '2020-03-29', 'Delivery', '2003290'),
('3200291', '2020-03-29', 'DineIn', '2003291'),
('3200292', '2020-03-29', 'Delivery', '2003292'),
('3200293', '2020-03-30', 'Delivery', '2003293'),
('3200294', '2020-03-30', 'DineIn', '2003294'),
('3200295', '2020-03-30', 'Delivery', '2003295'),
('3200296', '2020-03-30', 'DineIn', '2003296'),
('3200297', '2020-03-30', 'Delivery', '2003297'),
('3200298', '2020-03-30', 'Delivery', '2003298'),
('3200299', '2020-03-30', 'DineIn', '2003299'),
('3200300', '2020-03-30', 'Delivery', '2003300');

INSERT INTO diningTable VALUES 

('1', '3200268', '6', 'Vacant'),
('2', '3200269', '5', 'Vacant'),
('3', '3200271', '6', 'Vacant'),
('4', '3200273', '2', 'Vacant'),
('5', '3200277', '6', 'Vacant'),
('6', '3200280', '2', 'Vacant'),
('7', '3200282', '5', 'Vacant'),
('8', '3200287', '6', 'Vacant'),
('9', '3200289', '2', 'Vacant'),
('10', '3200291', '5', 'Vacant'),
('11', '3200294', '2', 'Vacant'),
('12', '3200296', '5', 'Vacant'),
('13', '3200299', '5', 'Vacant');

INSERT INTO reservation VALUES 

('1', '8', '8ID', '2020-11-03 20:33:50', 'Y'), 
('2', '5', '106ID', '2020-03-11 12:52:12', 'N'), 
('3', '8', '93ID', '2020-11-28 7:24:06', 'N'), 
('4', '10', '51ID', '2020-05-25 16:53:20', 'N'), 
('5', '1', '148ID', '2020-06-24 23:40:38', 'Y'), 
('6', '12', '146ID', '2020-12-17 12:33:56', 'N'), 
('7', '10', '21ID', '2020-04-04 17:20:28', 'N'), 
('8', '6', '57ID', '2020-06-01 19:33:05', 'N'), 
('9', '8', '95ID', '2020-11-24 16:41:44', 'Y'), 
('10', '9', '48ID', '2020-05-09 18:21:28', 'N'), 
('11', '2', '11ID', '2020-10-22 20:13:49', 'Y'), 
('12', '9', '15ID', '2020-01-23 8:58:59', 'Y'), 
('13', '11', '59ID', '2020-06-25 7:32:09', 'N'), 
('14', '5', '60ID', '2020-11-10 13:28:07', 'N'), 
('15', '4', '63ID', '2020-09-18 3:10:44', 'N'), 
('16', '13', '74ID', '2020-04-17 9:50:11', 'Y'), 
('17', '12', '64ID', '2020-02-29 22:38:04', 'Y'), 
('18', '10', '83ID', '2020-07-18 10:32:38', 'N'), 
('19', '11', '149ID', '2020-03-29 16:25:53', 'Y'), 
('20', '6', '77ID', '2020-07-08 1:04:25', 'N'), 
('21', '5', '89ID', '2020-01-16 19:46:41', 'Y'), 
('22', '10', '31ID', '2020-04-03 12:38:49', 'N'), 
('23', '1', '144ID', '2020-05-11 5:54:22', 'Y'), 
('24', '11', '17ID', '2020-10-12 4:13:05', 'N'), 
('25', '7', '113ID', '2020-07-03 0:19:51', 'N'), 
('26', '3', '13ID', '2020-03-02 9:10:42', 'N'), 
('27', '13', '87ID', '2020-08-13 9:25:26', 'N'), 
('28', '6', '126ID', '2020-05-11 5:36:09', 'Y'), 
('29', '9', '52ID', '2020-09-18 22:04:49', 'N'), 
('30', '11', '135ID', '2020-08-30 9:08:01', 'Y'), 
('31', '13', '58ID', '2020-04-27 12:41:06', 'N'), 
('32', '8', '131ID', '2020-12-10 11:26:11', 'Y'), 
('33', '7', '142ID', '2020-07-28 8:57:45', 'N'), 
('34', '7', '108ID', '2020-12-28 17:32:17', 'N'), 
('35', '8', '75ID', '2020-01-19 23:44:16', 'N'), 
('36', '4', '143ID', '2020-10-22 21:18:15', 'N'), 
('37', '7', '114ID', '2020-06-21 13:23:57', 'N'), 
('38', '5', '78ID', '2020-06-15 21:38:21', 'N'), 
('39', '13', '127ID', '2020-02-01 5:10:37', 'N'), 
('40', '1', '19ID', '2020-08-15 16:07:10', 'N'), 
('41', '1', '5ID', '2020-09-06 2:08:59', 'Y'), 
('42', '2', '39ID', '2020-12-11 15:25:06', 'N'), 
('43', '4', '30ID', '2020-06-04 15:23:01', 'Y'), 
('44', '6', '134ID', '2020-12-24 6:53:58', 'Y'), 
('45', '9', '80ID', '2020-12-14 7:12:19', 'N'), 
('46', '13', '73ID', '2020-07-31 17:05:46', 'Y'), 
('47', '7', '68ID', '2020-06-30 6:08:34', 'Y'), 
('48', '2', '46ID', '2020-10-12 2:08:27', 'N'), 
('49', '8', '88ID', '2020-08-17 10:41:43', 'Y'), 
('50', '10', '130ID', '2020-03-29 2:33:31', 'Y'), 
('51', '5', '27ID', '2020-09-23 23:20:12', 'N'), 
('52', '8', '133ID', '2020-06-01 14:28:32', 'N'), 
('53', '10', '91ID', '2020-07-03 10:45:05', 'N'), 
('54', '5', '18ID', '2020-12-04 18:08:54', 'N'), 
('55', '7', '137ID', '2020-12-01 1:35:36', 'N'), 
('56', '5', '98ID', '2020-11-17 16:01:14', 'Y'), 
('57', '6', '49ID', '2020-07-06 17:21:39', 'N'), 
('58', '12', '115ID', '2020-10-13 2:38:51', 'Y'), 
('59', '6', '14ID', '2020-07-20 18:24:51', 'N'), 
('60', '5', '102ID', '2020-05-09 2:26:47', 'N'), 
('61', '1', '128ID', '2020-01-30 0:55:19', 'N'), 
('62', '12', '99ID', '2020-10-15 11:42:42', 'N'), 
('63', '8', '136ID', '2020-05-04 18:32:00', 'N'), 
('64', '6', '56ID', '2020-07-05 6:49:24', 'Y'), 
('65', '13', '132ID', '2020-06-12 16:42:35', 'Y'), 
('66', '2', '110ID', '2020-06-12 14:54:38', 'Y'), 
('67', '3', '139ID', '2020-01-08 22:44:01', 'N'), 
('68', '11', '109ID', '2020-07-22 23:31:26', 'Y'), 
('69', '1', '67ID', '2020-03-23 16:21:26', 'Y'), 
('70', '4', '125ID', '2020-09-18 5:44:41', 'N'), 
('71', '2', '38ID', '2020-12-18 6:45:36', 'N'), 
('72', '12', '111ID', '2020-10-07 19:53:30', 'Y'), 
('73', '5', '34ID', '2020-05-29 3:39:41', 'Y'), 
('74', '3', '150ID', '2020-04-14 9:39:17', 'Y'), 
('75', '4', '37ID', '2020-09-22 15:11:29', 'Y'), 
('76', '4', '55ID', '2020-01-06 14:04:44', 'Y'), 
('77', '7', '90ID', '2020-10-14 0:18:31', 'Y'), 
('78', '10', '140ID', '2020-11-05 17:21:01', 'Y'), 
('79', '4', '147ID', '2020-01-31 22:13:37', 'Y'), 
('80', '9', '82ID', '2020-09-07 4:42:05', 'N'), 
('81', '3', '50ID', '2020-11-20 16:03:56', 'Y'), 
('82', '5', '138ID', '2020-12-04 22:37:57', 'N'), 
('83', '10', '23ID', '2020-09-26 16:47:53', 'N'), 
('84', '11', '107ID', '2020-09-03 19:22:24', 'N'), 
('85', '13', '92ID', '2020-01-27 18:57:54', 'N'), 
('86', '4', '32ID', '2020-05-01 5:44:24', 'N'), 
('87', '4', '72ID', '2020-05-29 6:15:14', 'Y'), 
('88', '1', '10ID', '2020-08-13 2:30:53', 'N'), 
('89', '8', '71ID', '2020-01-09 23:06:58', 'Y'), 
('90', '5', '9ID', '2020-04-01 8:43:45', 'N'), 
('91', '2', '129ID', '2020-05-03 13:02:57', 'Y'), 
('92', '13', '4ID', '2020-08-03 11:42:25', 'N'), 
('93', '13', '117ID', '2020-04-29 4:36:55', 'Y'), 
('94', '5', '61ID', '2020-04-28 14:17:29', 'Y'), 
('95', '8', '118ID', '2020-01-15 4:10:53', 'Y'), 
('96', '6', '69ID', '2020-08-08 8:09:55', 'Y'), 
('97', '9', '65ID', '2020-11-13 1:49:56', 'Y'), 
('98', '7', '103ID', '2020-03-23 16:34:31', 'N'), 
('99', '3', '112ID', '2020-08-09 23:28:10', 'N'), 
('100', '8', '44ID', '2020-09-20 4:46:25', 'Y');

INSERT INTO membership VALUES 

('ID1', '2020-02-08', '2021-02-08', '0.15', 'Ruby', '1ID'), 
('ID2', '2020-01-22', '2021-01-22', '0.2', 'Sapphire', '3ID'), 
('ID3', '2020-01-26', '2021-01-26', '0.15', 'Ruby', '6ID'), 
('ID4', '2020-03-12', '2021-03-12', '0.3', 'Emerald', '9ID'), 
('ID5', '2020-01-18', '2021-01-18', '0.2', 'Sapphire', '10ID'), 
('ID6', '2020-02-02', '2021-02-02', '0.2', 'Sapphire', '12ID'), 
('ID7', '2020-02-26', '2021-02-26', '0.15', 'Ruby', '14ID'), 
('ID8', '2020-02-03', '2021-02-03', '0.2', 'Sapphire', '15ID'), 
('ID9', '2020-03-30', '2021-03-30', '0.3', 'Emerald', '16ID'), 
('ID10', '2020-02-25', '2021-02-25', '0.2', 'Sapphire', '17ID'), 
('ID11', '2020-02-19', '2021-02-19', '0.15', 'Ruby', '21ID'), 
('ID12', '2020-02-11', '2021-02-11', '0.15', 'Ruby', '24ID'), 
('ID13', '2020-03-25', '2021-03-25', '0.2', 'Sapphire', '27ID'), 
('ID14', '2020-02-11', '2021-02-11', '0.15', 'Ruby', '31ID'), 
('ID15', '2020-02-28', '2021-02-28', '0.2', 'Sapphire', '32ID'), 
('ID16', '2020-03-04', '2021-03-04', '0.3', 'Emerald', '33ID'), 
('ID17', '2020-01-29', '2021-01-29', '0.3', 'Emerald', '43ID'), 
('ID18', '2020-02-15', '2021-02-15', '0.15', 'Ruby', '44ID'), 
('ID19', '2020-03-13', '2021-03-13', '0.3', 'Emerald', '45ID'), 
('ID20', '2020-02-25', '2021-02-25', '0.15', 'Ruby', '46ID'), 
('ID21', '2020-01-30', '2021-01-30', '0.2', 'Sapphire', '47ID'), 
('ID22', '2020-03-03', '2021-03-03', '0.15', 'Ruby', '50ID'), 
('ID23', '2020-03-06', '2021-03-06', '0.2', 'Sapphire', '54ID'), 
('ID24', '2020-02-28', '2021-02-28', '0.15', 'Ruby', '55ID'), 
('ID25', '2020-01-10', '2021-01-10', '0.2', 'Sapphire', '60ID'), 
('ID26', '2020-03-09', '2021-03-09', '0.15', 'Ruby', '63ID'), 
('ID27', '2020-03-21', '2021-03-21', '0.15', 'Ruby', '68ID'), 
('ID28', '2020-01-06', '2021-01-06', '0.2', 'Sapphire', '70ID'), 
('ID29', '2020-01-01', '2021-01-01', '0.15', 'Ruby', '75ID'), 
('ID30', '2020-01-22', '2021-01-22', '0.3', 'Emerald', '77ID'), 
('ID31', '2020-02-01', '2021-02-01', '0.3', 'Emerald', '78ID'), 
('ID32', '2020-01-15', '2021-01-15', '0.15', 'Ruby', '79ID'), 
('ID33', '2020-03-06', '2021-03-06', '0.2', 'Sapphire', '80ID'), 
('ID34', '2020-02-24', '2021-02-24', '0.15', 'Ruby', '81ID'), 
('ID35', '2020-01-21', '2021-01-21', '0.3', 'Emerald', '84ID'), 
('ID36', '2020-01-15', '2021-01-15', '0.15', 'Ruby', '89ID'), 
('ID37', '2020-01-22', '2021-01-22', '0.3', 'Emerald', '90ID'), 
('ID38', '2020-03-02', '2021-03-02', '0.15', 'Ruby', '91ID'), 
('ID39', '2020-01-06', '2021-01-06', '0.2', 'Sapphire', '92ID'), 
('ID40', '2020-02-27', '2021-02-27', '0.15', 'Ruby', '93ID'), 
('ID41', '2020-02-28', '2021-02-28', '0.2', 'Sapphire', '100ID'), 
('ID42', '2020-02-14', '2021-02-14', '0.15', 'Ruby', '106ID'), 
('ID43', '2020-03-19', '2021-03-19', '0.15', 'Ruby', '109ID'), 
('ID44', '2020-03-18', '2021-03-18', '0.3', 'Emerald', '113ID'), 
('ID45', '2020-01-24', '2021-01-24', '0.15', 'Ruby', '114ID'), 
('ID46', '2020-01-17', '2021-01-17', '0.15', 'Ruby', '116ID'), 
('ID47', '2020-02-28', '2021-02-28', '0.2', 'Sapphire', '123ID'), 
('ID48', '2020-03-04', '2021-03-04', '0.2', 'Sapphire', '125ID'), 
('ID49', '2020-01-03', '2021-01-03', '0.2', 'Sapphire', '126ID'), 
('ID50', '2020-02-09', '2021-02-09', '0.15', 'Ruby', '127ID'), 
('ID51', '2020-02-06', '2021-02-06', '0.2', 'Sapphire', '130ID'), 
('ID52', '2020-03-29', '2021-03-29', '0.15', 'Ruby', '131ID'), 
('ID53', '2020-01-31', '2021-01-31', '0.3', 'Emerald', '133ID'), 
('ID54', '2020-01-06', '2021-01-06', '0.3', 'Emerald', '134ID'), 
('ID55', '2020-01-27', '2021-01-27', '0.2', 'Sapphire', '138ID'), 
('ID56', '2020-02-12', '2021-02-12', '0.15', 'Ruby', '140ID'), 
('ID57', '2020-01-22', '2021-01-22', '0.2', 'Sapphire', '144ID'), 
('ID58', '2020-03-10', '2021-03-10', '0.15', 'Ruby', '146ID'), 
('ID59', '2020-03-04', '2021-03-04', '0.2', 'Sapphire', '147ID'), 
('ID60', '2020-02-07', '2021-02-07', '0.15', 'Ruby', '149ID');

INSERT INTO menu VALUES 

('AP001', 'French Fries', '20000'), 
('AP002', 'Frankfurt with mashed potato', '30000'), 
('AP003', 'Mushroom soup', '40000'), 
('AP004', 'Fresh Salad', '25000'), 
('MC010', 'Mushroom Risotto', '40000'), 
('MC011', 'Hamburger Steak', '45000'), 
('MC012', 'Chicken Risotto', '30000'), 
('MC013', 'Classic Cheese Ravioli', '35000'), 
('MCS014', 'Smoked Crab', '70000'), 
('MCS015', 'Grilled Fish Steak', '45000'), 
('MCS016', 'Fried Shrimp with olive oil', '30000'), 
('MCS017', 'Steamed Clam with sweet and spicy sauce', '35000'), 
('DS020', 'Ice cream vanilla', '10000'), 
('DS021', 'Soft Pudding', '15000'), 
('DS022', 'Sundae', '10000');

INSERT INTO ingredient VALUES 

('FD001', 'Water ', '100', '2020-04-01', NULL, '2000000'),
('FD002', 'Lemon Water', '50', '2020-02-13', NULL, '350000'),
('FD003', 'Soy Sauce', '60', '2020-01-28', '2020-05-29', '270000'),
('FD004', 'Sweet Soy Sauce', '80', '2020-01-29', '2020-05-14', '1074000'),
('FD005', 'Cooking Oil', '80', '2020-05-02', '2020-04-17', '2222000'),
('FD006', 'Olive Oil', '80', '2020-01-31', '2020-04-23', '4560000'),
('FD007', 'Red Wine', '10', '2020-08-01', '2020-06-30', '2090000'),
('FD008', 'White Wine', '20', '2020-08-01', '2020-06-30', '670000'),
('FD009', 'Chocolate syrup', '10', '2020-01-28', '2020-05-29', '550000'),
('VG010', 'Shallot', '450', '2020-05-01', '2020-12-01', '315000'),
('VG011', 'Garlic', '400', '2020-04-01', '2020-11-01', '320000'),
('VG012', 'Rice', '1500', '2020-02-01', '2020-07-01', '7500000'),
('VG013', 'Broccoli', '900', '2020-03-01', '2020-10-02', '540000'),
('VG015', 'Potato', '800', '2020-06-01', '2020-01-13', '1600000'),
('VG018', 'Cabbage', '100', '2020-06-01', '2020-01-13', '850000'),
('VG020', 'Bean Sprouts', '100', '2020-04-01', '2020-11-01', '750000'),
('VG021', 'Carrot', '150', '2020-05-01', '2020-12-01', '1625000'),
('VG022', 'Tomato', '100', '2020-02-13', '2020-07-09', '300000'),
('VG023', 'Chilli ', '100', '2020-02-13', '2020-07-09', '345000'),
('MT030', 'Chicken Meat', '200', '2020-01-16', '2020-01-23', '1600000'),
('MT031', 'Beef', '200', '2020-01-01', '2020-08-01', '1050000'),
('MT032', 'Fish', '200', '2020-01-29', '2020-05-01', '950000'),
('MT110', 'Crab', '80', '2020-02-20', '2020-02-27', '5600000'),
('MT111', 'Scallop', '200', '2020-01-22', '2020-01-29', '390000'),
('MT112', 'Shrimp', '500', '2020-01-25', '2020-01-02', '834000'),
('MT116', 'Frankfurt Sausage', '50', '2020-02-12', '2020-04-02', '1875000'),
('FL051', 'Pepper', '70', '2020-01-29', '2020-05-15', '1550000'),
('FL052', 'Salt', '100', '2020-01-22', '2020-05-25', '1200000'),
('FL053', 'Sugar', '90', '2020-01-18', '2020-05-22', '1080000'),
('FL055', 'Mayonaise', '50', '2020-10-01', '2020-04-24', '500000'),
('FL056', 'Chicken broth (powder)', '60', '2020-02-22', '2020-05-08', '600000'),
('FL057', 'Cornstarch', '40', '2020-04-01', '2020-08-17', '480000'),
('FL058', 'Panko Crumb', '70', '2020-02-28', '2020-09-09', '840000'),
('FL061', 'Oyster Sauce', '10', '2020-07-02', '2020-10-19', '480000'),
('FL063', 'Flour', '30', '2020-05-02', '2020-08-11', '1525000'),
('FL064', 'Gelatin Powder', '20', '2020-10-01', '2020-11-27', '400000'),
('FG059', 'Shiitake Mushroom', '40', '2020-02-20', '2020-04-23', '1000000'),
('DY090', 'Cheese', '25', '2020-02-15', '2020-03-15', '4000000'),
('DY091', 'Bread Flour', '20', '2020-11-02', '2020-11-03', '400000'),
('DY092', 'Coconut Milk', '200', '2020-06-02', '2020-06-03', '600000'),
('DY093', 'Milk', '30', '2020-01-15', '2020-02-15', '420000'),
('DY094', 'Butter', '50', '2020-01-19', '2020-02-19', '1250000'),
('DY095', 'Ice Cream', '5', '2020-06-01', '2020-06-02', '850000'),
('CB132', 'Egg', '250', '2020-04-02', '2020-02-18', '750000');
INSERT INTO supplier VALUES 

('04-4911760', 'FD001', 'Alfreda Hendrix', '1429667424', '8751 Bay Junction'), 
('04-6509576', 'FD002', 'Alma Montgomery', '3161884076', '04850 Shasta Road'), 
('09-5014411', 'FD003', 'Amelia Holcomb', '6874237358', '22698 Esch Center'), 
('12-4097243', 'FD004', 'Anastasia Houston', '4838007675', '8 School Terrace'), 
('13-0040404', 'FD005', 'Angela Bishop', '6338859176', '6 Monterey Lane'), 
('13-4465752', 'FD006', 'Brenda Allen', '4013487341', '24 Carpenter Hill'), 
('13-6345002', 'FD007', 'Brenna Hartman', '7565184210', '09 Loeprich Trail'), 
('13-7672764', 'FD008', 'Cailin Davis', '6233626953', '94 Towne Pass'), 
('13-8437650', 'FD009', 'Camilla Shepherd', '4939650636', '3715 Fordem Court'), 
('14-7122880', 'VG010', 'Camille Leonard', '4592239289', '03271 Carey Avenue'), 
('16-5292729', 'VG011', 'Charity Lang', '5351101720', '39238 Namekagon Point'), 
('20-1510467', 'VG012', 'Christine Beck', '1376096026', '4047 Miller Lane'), 
('21-6276334', 'VG013', 'Ciara Boyle', '5434022620', '6273 Valley Edge Point'), 
('23-4379869', 'VG015', 'Clio Hancock', '2266384132', '3495 Old Shore Way'), 
('23-8156819', 'VG018', 'Echo Sherman', '9019341780', '72 Kennedy Street'), 
('25-3291641', 'VG020', 'Flavia Wooten', '1817607642', '704 Arrowood Center'), 
('30-4752179', 'VG021', 'Gillian Waters', '7514439316', '12411 Anthes Terrace'), 
('30-5605722', 'VG022', 'Hadassah Burris', '6039850953', '094 Marcy Terrace'), 
('30-7177844', 'VG023', 'Hilary Buchanan', '9631144985', '009 Trailsway Alley'), 
('32-6529598', 'MT030', 'Indigo Valentine', '1822189337', '04927 Brickson Park Trail'), 
('35-2935509', 'MT031', 'Jaden Hubbard', '6638234496', '45119 5th Lane'), 
('35-7388269', 'MT032', 'Jena Cohen', '6581857165', '325 Delladonna Plaza'), 
('36-5316375', 'MT110', 'Jenna Bradley', '6493361426', '9 Fallview Terrace'), 
('38-9405641', 'MT111', 'Kylee Petty', '1234843591', '40 Claremont Street'), 
('52-3671699', 'MT112', 'Kylee Wall', '6709077802', '855 Commercial Street'), 
('56-5842304', 'MT116', 'Lareina Howard', '5801913879', '3977 Quincy Place'), 
('57-2827858', 'FL051', 'Latifah Mccoy', '5626329406', '5845 Havey Plaza'), 
('58-8901819', 'FL052', 'Laurel Cleveland', '2242108236', '5843 Fisk Way'), 
('60-5142375', 'FL053', 'Leila Franco', '6604121029', '711 Tennessee Terrace'), 
('62-0108647', 'FL055', 'Lisandra Stout', '2204459220', '41 Farwell Center'), 
('63-3028164', 'FL056', 'Lois Gonzalez', '3883179360', '7591 Bobwhite Road'), 
('66-1355061', 'FL057', 'Maia Sellers', '4465786369', '60 Old Shore Alley'), 
('67-6027405', 'FL058', 'Maisie Quinn', '2874880165', '91691 Schlimgen Crossing'), 
('68-0733845', 'FL061', 'Marcia Salinas', '3714856554', '7 Lunder Place'), 
('69-8505052', 'FL063', 'McKenzie Oneill', '8556733400', '54 Badeau Avenue'), 
('70-8179740', 'FL064', 'Melissa Perry', '7667054887', '153 Donald Street'), 
('72-9024862', 'FG059', 'Meredith Valentine', '3464770980', '9089 Sycamore Hill'), 
('75-3806829', 'DY090', 'Nina Barker', '7145652163', '712 Sheridan Plaza'), 
('77-9626394', 'DY091', 'Pandora Patton', '1734033840', '68 Park Meadow Trail'), 
('82-0610636', 'DY092', 'Priscilla Delaney', '2192676440', '28 Miller Pass'), 
('83-7243313', 'DY093', 'Rosalyn Langley', '4935977190', '1 Muir Alley'), 
('85-4099186', 'DY094', 'Sarah Clemons', '9187703407', '543 Johnson Way'), 
('86-4852132', 'DY095', 'Urielle Summers', '9787866108', '816 Karstens Circle'), 
('86-4874843', 'CB132', 'Uta Vaughn', '2067430010', '865 Dahle Parkway');

INSERT INTO personel VALUES 

('120200101', '1971-03-25', 'Lainey', 'Fidelus', '22500000', 'Manager', 'Scheduling'),
('120200201', '1976-11-22', 'Shepherd', 'McAmish', '22500000', 'Manager', 'Supervising'),
('120200401', '1973-02-15', 'Darleen', 'Binnie', '20000000', 'Manager', 'Supervising'),
('220200102', '1983-06-28', 'Whitney', 'Athelstan', '8000000', 'Staff', 'Delivery Boy'),
('220200103', '1980-01-07', 'Lineen', 'Dutson', '8000000', 'Staff', 'Cleaning Service'),
('220200202', '1999-02-13', 'Harmony', 'Juleff', '8000000', 'Staff', 'Customer Service'),
('220200301', '1989-08-31', 'Hana', 'Garnson', '7500000', 'Staff', 'Delivery Boy'),
('220200402', '1995-04-20', 'Ethel', 'Bodiam', '7500000', 'Staff', 'Delivery Boy'),
('220200501', '1986-03-24', 'Emmalyn', 'MacGilmartin', '7000000', 'Staff', 'Customer Service'),
('220200502', '1986-12-17', 'Bobbi', 'Castagne', '7000000', 'Staff', 'Customer Service'),
('220200506', '1995-06-04', 'Benjie', 'Guillerman', '7000000', 'Staff', 'Cleaning Service'),
('220200507', '1984-08-15', 'Cecelia', 'Skaif', '7000000', 'Staff', 'Cleaning Service'),
('220200601', '1995-07-14', 'Ginnifer', 'Sinfield', '7000000', 'Staff', 'Delivery Boy'),
('220200602', '1981-10-13', 'Barbabra', 'FitzGilbert', '7000000', 'Staff', 'Cleaning Service'),
('220200603', '1982-10-15', 'Barris', 'Langthorn', '7000000', 'Staff', 'Delivery Boy'),
('220200701', '1985-10-23', 'Jone', 'Galliford', '6500000', 'Staff', 'Cleaning Service'),
('220200801', '1995-04-03', 'Mitch', 'Kollaschek', '6500000', 'Staff', 'Customer Service'),
('220200802', '1989-07-19', 'Veda', 'Casotti', '6500000', 'Staff', 'Delivery Boy'),
('220200803', '1999-03-13', 'Hans', 'Sey', '6500000', 'Staff', 'Cleaning'),
('320200104', '1986-02-05', 'Moreen', 'Slocum', '13500000', 'Chef', 'Western Food Chef'),
('320200105', '1983-03-20', 'Rudolph', 'Rickersy', '13500000', 'Chef', 'Chinese Food Chef'),
('320200202', '1986-02-16', 'Danita', 'Olesen', '12500000', 'Chef', 'Chinese Food Chef'),
('320200302', '1983-07-26', 'Lelia', 'Forgan', '12500000', 'Chef', 'Western Food Chef'),
('320200303', '1983-08-25', 'Marylee', 'Kubin', '12500000', 'Chef', 'Chinese Food Chef'),
('320200403', '1990-12-17', 'Emerson', 'Freezor', '12000000', 'Chef', 'Western Food Chef'),
('320200503', '1986-04-30', 'Guillaume', 'Gabala', '12000000', 'Chef', 'Western Food Chef'),
('320200504', '1985-09-02', 'Colver', 'Stoeckle', '11500000', 'Chef', 'chinese Food Chef'),
('320200505', '1984-09-05', 'Ruperto', 'Heijne', '11500000', 'Chef', 'western Food Chef'),
('320200602', '1988-10-11', 'Fiona', 'Seivwright', '11000000', 'Chef', 'chinese Food Chef');

INSERT INTO delivery VALUES 

('730246875', '220200601', '1200001', '3:00:41', 'Arrived', NULL),
('718368617', '220200402', '1200005', '14:18:09', 'Arrived', NULL),
('349060255', '220200102', '1200006', '5:18:25', 'Arrived', NULL),
('73911160', '220200601', '1200007', '21:46:31', 'Arrived', NULL),
('830414825', '220200301', '1200008', '7:53:30', 'Arrived', NULL),
('247849883', '220200802', '1200009', '22:34:41', 'Arrived', NULL),
('195468710', '220200802', '1200010', '0:24:22', 'Arrived', NULL),
('31824002', '220200301', '1200012', '12:29:51', 'Not Arrived', 'Flat Tire'),
('690105163', '220200603', '1200014', '6:40:32', 'Arrived', NULL),
('459378103', '220200402', '1200016', '22:33:53', 'Arrived', NULL),
('57244056', '220200301', '1200020', '20:15:48', 'Arrived', NULL),
('105478881', '220200601', '1200024', '12:16:12', 'Arrived', NULL),
('756160667', '220200603', '1200029', '2:15:02', 'Arrived', NULL),
('779446354', '220200603', '1200030', '2:52:35', 'Arrived', NULL),
('330634065', '220200402', '1200036', '22:58:46', 'Arrived', NULL),
('532104694', '220200603', '1200038', '7:57:01', 'Arrived', NULL),
('251304683', '220200102', '1200039', '18:23:18', 'Arrived', NULL),
('940296262', '220200601', '1200040', '4:38:58', 'Arrived', NULL),
('919536337', '220200802', '1200041', '21:10:42', 'Arrived', NULL),
('495904420', '220200603', '1200042', '19:19:08', 'Arrived', NULL),
('225210882', '220200301', '1200045', '10:02:47', 'Arrived', NULL),
('352796264', '220200802', '1200046', '6:55:06', 'Arrived', NULL),
('410353732', '220200402', '1200049', '9:31:54', 'Not Arrived', 'accident'),
('245097635', '220200301', '1200051', '10:34:38', 'Arrived', NULL),
('550931651', '220200102', '1200052', '23:06:23', 'Arrived', NULL),
('814237299', '220200402', '1200057', '6:29:39', 'Not Arrived', 'Flat Tire'),
('306037287', '220200402', '1200061', '9:00:28', 'Arrived', NULL),
('426708846', '220200402', '1200062', '17:03:52', 'Arrived', NULL),
('560539980', '220200603', '1200063', '19:15:30', 'Arrived', NULL),
('104880557', '220200603', '1200070', '15:40:12', 'Arrived', NULL),
('730441941', '220200802', '1200073', '5:14:37', 'Arrived', NULL),
('299356648', '220200102', '1200079', '5:38:11', 'Arrived', NULL),
('967807023', '220200802', '1200082', '23:06:23', 'Arrived', NULL),
('890934310', '220200601', '1200083', '0:42:32', 'Arrived', NULL),
('633293111', '220200102', '1200084', '9:35:32', 'Arrived', NULL),
('583402344', '220200603', '1200085', '7:13:43', 'Arrived', NULL),
('895753223', '220200301', '1200086', '3:39:43', 'Arrived', NULL),
('588635947', '220200102', '1200088', '5:22:40', 'Arrived', NULL),
('924241671', '220200802', '1200089', '19:42:22', 'Arrived', NULL),
('807707090', '220200301', '1200091', '6:36:24', 'Arrived', NULL),
('987314549', '220200102', '1200093', '14:58:35', 'Arrived', NULL),
('95899792', '220200603', '1200094', '7:45:24', 'Arrived', NULL),
('47554356', '220200402', '1200095', '13:11:33', 'Arrived', NULL),
('846109091', '220200603', '1200099', '16:16:29', 'Arrived', NULL),
('941512452', '220200102', '1200102', '3:04:44', 'Arrived', NULL),
('133320128', '220200802', '1200103', '5:37:55', 'Arrived', NULL),
('451039849', '220200603', '1200104', '15:23:04', 'Arrived', NULL),
('831009479', '220200802', '1200106', '9:14:56', 'Arrived', NULL),
('508215714', '220200802', '1200108', '15:36:29', 'Arrived', NULL),
('709414028', '220200601', '1200111', '10:27:52', 'Arrived', NULL),
('796018184', '220200402', '1200112', '8:07:15', 'Arrived', NULL),
('146774014', '220200603', '1200115', '16:11:46', 'Arrived', NULL),
('319865687', '220200601', '1200116', '23:26:04', 'Arrived', NULL),
('311397201', '220200102', '1200121', '0:53:29', 'Not Arrived', 'accident'),
('865640845', '220200603', '1200123', '18:00:22', 'Arrived', NULL),
('944958021', '220200603', '1200125', '9:11:07', 'Arrived', NULL),
('400300609', '220200102', '1200127', '13:40:12', 'Arrived', NULL),
('88020482', '220200802', '1200129', '21:03:08', 'Arrived', NULL),
('629204792', '220200102', '1200130', '11:31:15', 'Arrived', NULL),
('773356688', '220200402', '1200134', '5:18:05', 'Arrived', NULL),
('34429168', '220200802', '1200135', '9:37:20', 'Arrived', NULL),
('245270341', '220200301', '1200137', '4:07:59', 'Arrived', NULL),
('941361333', '220200301', '1200139', '15:51:24', 'Arrived', NULL),
('85600465', '220200102', '1200141', '18:20:53', 'Arrived', NULL),
('642973967', '220200402', '1200145', '23:13:59', 'Arrived', NULL),
('457577007', '220200301', '1200147', '3:30:02', 'Not Arrived', 'Flat Tire'),
('922694152', '220200601', '1200148', '1:51:46', 'Arrived', NULL),
('194656564', '220200301', '1200149', '11:03:52', 'Arrived', NULL),
('694142358', '220200102', '1200151', '0:24:48', 'Arrived', NULL),
('625025814', '220200603', '1200153', '6:24:06', 'Arrived', NULL),
('648155327', '220200601', '1200155', '7:25:52', 'Arrived', NULL),
('773017965', '220200802', '1200157', '10:11:50', 'Arrived', NULL),
('367660329', '220200301', '1200159', '10:40:19', 'Arrived', NULL),
('621770228', '220200802', '1200160', '7:33:28', 'Arrived', NULL),
('805536875', '220200102', '1200161', '9:26:08', 'Arrived', NULL),
('765870803', '220200603', '1200163', '4:15:26', 'Arrived', NULL),
('261936988', '220200603', '1200165', '6:11:02', 'Arrived', NULL),
('985469545', '220200402', '1200166', '8:57:16', 'Arrived', NULL),
('48472812', '220200301', '1200167', '1:01:31', 'Not Arrived', 'accident'),
('674334783', '220200301', '1200170', '13:51:03', 'Arrived', NULL),
('910883663', '220200301', '1200172', '10:00:53', 'Arrived', NULL),
('992383966', '220200402', '1200173', '18:03:49', 'Arrived', NULL),
('673064164', '220200601', '1200176', '18:30:25', 'Arrived', NULL),
('168662644', '220200402', '1200177', '17:56:00', 'Arrived', NULL),
('440141876', '220200802', '1200181', '9:44:45', 'Arrived', NULL),
('696634521', '220200301', '1200182', '0:49:55', 'Arrived', NULL),
('70959940', '220200802', '1200183', '18:46:17', 'Arrived', NULL),
('983411411', '220200102', '1200184', '23:27:07', 'Arrived', NULL),
('555086384', '220200802', '1200185', '10:16:18', 'Arrived', NULL),
('768253726', '220200601', '1200187', '4:48:01', 'Arrived', NULL),
('106865961', '220200102', '1200190', '3:49:13', 'Arrived', NULL),
('144926089', '220200603', '1200191', '10:13:03', 'Arrived', NULL),
('622902570', '220200802', '1200195', '2:27:57', 'Arrived', NULL),
('329904897', '220200301', '1200196', '16:51:39', 'Arrived', NULL),
('571048716', '220200603', '1200198', '4:19:38', 'Arrived', NULL),
('26164998', '220200603', '1200205', '15:18:32', 'Arrived', NULL),
('362784930', '220200601', '1200206', '9:31:24', 'Arrived', NULL),
('907713987', '220200402', '1200207', '4:25:42', 'Arrived', NULL),
('111959682', '220200802', '1200209', '4:07:46', 'Arrived', NULL),
('17272852', '220200301', '1200210', '3:18:11', 'Arrived', NULL),
('106758010', '220200603', '1200211', '8:11:40', 'Arrived', NULL),
('891197906', '220200102', '1200212', '13:15:46', 'Arrived', NULL),
('284825957', '220200601', '1200214', '4:16:10', 'Arrived', NULL),
('877078955', '220200301', '1200215', '17:07:14', 'Not Arrived', 'Flat Tire'),
('408283717', '220200802', '1200216', '5:10:36', 'Arrived', NULL),
('305144328', '220200802', '1200217', '1:44:40', 'Arrived', NULL),
('575898663', '220200102', '1200218', '13:17:38', 'Arrived', NULL),
('874948145', '220200601', '1200220', '21:49:03', 'Arrived', NULL),
('555310673', '220200802', '1200222', '18:23:44', 'Arrived', NULL),
('202032123', '220200601', '1200225', '1:02:12', 'Arrived', NULL),
('32442713', '220200402', '1200230', '3:59:03', 'Arrived', NULL),
('878942417', '220200601', '1200236', '10:54:24', 'Arrived', NULL),
('351780283', '220200802', '1200240', '14:23:37', 'Arrived', NULL),
('167776749', '220200601', '1200241', '8:36:09', 'Arrived', NULL),
('524753609', '220200802', '1200242', '13:20:58', 'Arrived', NULL),
('692083287', '220200603', '1200244', '22:01:05', 'Arrived', NULL),
('72863977', '220200603', '1200246', '1:20:16', 'Arrived', NULL),
('516356367', '220200603', '1200247', '17:32:31', 'Not Arrived', 'Missing food'),
('57651853', '220200802', '1200248', '14:27:40', 'Arrived', NULL),
('27694618', '220200301', '1200249', '8:23:08', 'Arrived', NULL),
('123776872', '220200601', '1200250', '17:10:40', 'Arrived', NULL),
('495656006', '220200402', '1200251', '0:53:22', 'Arrived', NULL),
('699784014', '220200402', '1200254', '18:06:49', 'Arrived', NULL),
('506940668', '220200301', '1200256', '21:18:41', 'Arrived', NULL),
('198127748', '220200601', '1200260', '2:44:01', 'Arrived', NULL),
('107994830', '220200102', '1200262', '18:34:17', 'Arrived', NULL),
('331876938', '220200601', '1200265', '5:05:08', 'Arrived', NULL),
('777518788', '220200802', '1200267', '2:01:21', 'Arrived', NULL),
('442526678', '220200402', '1200269', '9:34:50', 'Arrived', NULL),
('40493900', '220200102', '1200271', '18:53:21', 'Arrived', NULL),
('818839754', '220200402', '1200272', '1:13:29', 'Arrived', NULL),
('233836777', '220200601', '1200273', '2:16:20', 'Arrived', NULL),
('801871527', '220200402', '1200274', '1:59:49', 'Arrived', NULL),
('810160373', '220200601', '1200277', '17:22:36', 'Arrived', NULL),
('50331584', '220200301', '1200278', '23:01:20', 'Arrived', NULL),
('501686889', '220200301', '1200281', '2:29:15', 'Arrived', NULL),
('489072907', '220200402', '1200283', '19:02:54', 'Arrived', NULL),
('677167794', '220200603', '1200284', '13:25:49', 'Arrived', NULL),
('467605252', '220200102', '1200286', '22:48:41', 'Arrived', NULL),
('730826915', '220200603', '1200289', '0:53:49', 'Arrived', NULL),
('736918307', '220200603', '1200291', '23:23:40', 'Arrived', NULL),
('169943376', '220200102', '1200294', '17:44:41', 'Arrived', NULL),
('455767030', '220200301', '1200295', '15:48:30', 'Not Arrived', 'accident'),
('91798448', '220200603', '1200298', '3:53:28', 'Arrived', NULL),
('142933814', '220200802', '2200002', '20:41:24', 'Arrived', NULL),
('719566721', '220200301', '2200003', '13:00:24', 'Arrived', NULL),
('841599966', '220200301', '2200004', '8:19:49', 'Arrived', NULL),
('634025131', '220200102', '2200005', '18:58:30', 'Arrived', NULL),
('151246241', '220200802', '2200007', '22:44:45', 'Arrived', NULL),
('439602447', '220200102', '2200017', '7:28:08', 'Arrived', NULL),
('93268850', '220200802', '2200020', '20:27:36', 'Arrived', NULL),
('111623930', '220200603', '2200021', '4:19:28', 'Arrived', NULL),
('716004036', '220200601', '2200023', '12:33:56', 'Arrived', NULL),
('124606210', '220200603', '2200024', '22:07:19', 'Arrived', NULL),
('990545375', '220200402', '2200025', '1:08:36', 'Arrived', NULL),
('435716183', '220200802', '2200026', '21:21:55', 'Arrived', NULL),
('74569395', '220200102', '2200027', '19:30:10', 'Arrived', NULL),
('421747111', '220200301', '2200028', '18:16:03', 'Arrived', NULL),
('62529166', '220200102', '2200030', '13:17:40', 'Arrived', NULL),
('78791681', '220200601', '2200031', '7:56:34', 'Arrived', NULL),
('761174578', '220200603', '2200033', '23:11:43', 'Arrived', NULL),
('352207733', '220200102', '2200034', '0:53:44', 'Arrived', NULL),
('918105863', '220200102', '2200036', '21:08:28', 'Arrived', NULL),
('732189878', '220200603', '2200037', '2:00:59', 'Not Arrived', 'Missing food'),
('554758899', '220200301', '2200041', '6:36:53', 'Arrived', NULL),
('974123305', '220200601', '2200043', '19:06:17', 'Arrived', NULL),
('105082695', '220200601', '2200045', '12:06:29', 'Arrived', NULL),
('724190553', '220200601', '2200048', '16:18:53', 'Arrived', NULL),
('118140843', '220200402', '2200049', '2:28:34', 'Arrived', NULL),
('703309044', '220200301', '2200052', '0:38:09', 'Arrived', NULL),
('389066986', '220200601', '2200053', '8:05:54', 'Arrived', NULL),
('611999696', '220200402', '2200055', '20:51:23', 'Arrived', NULL),
('905101047', '220200601', '2200056', '0:26:42', 'Arrived', NULL),
('158121017', '220200603', '2200058', '5:03:05', 'Arrived', NULL),
('452947340', '220200603', '2200061', '20:40:15', 'Arrived', NULL),
('87616713', '220200402', '2200062', '17:36:39', 'Arrived', NULL),
('92550013', '220200301', '2200064', '17:10:07', 'Arrived', NULL),
('553189319', '220200402', '2200065', '18:41:15', 'Arrived', NULL),
('245986353', '220200402', '2200067', '16:51:15', 'Arrived', NULL),
('654195972', '220200603', '2200069', '2:40:24', 'Arrived', NULL),
('8580671', '220200802', '2200070', '10:25:00', 'Arrived', NULL),
('445922342', '220200601', '2200072', '15:14:04', 'Arrived', NULL),
('119295744', '220200102', '2200073', '15:24:15', 'Arrived', NULL),
('189296125', '220200102', '2200074', '18:21:22', 'Arrived', NULL),
('965078964', '220200102', '2200076', '4:12:26', 'Arrived', NULL),
('202215855', '220200601', '2200077', '14:57:04', 'Arrived', NULL),
('119072251', '220200601', '2200080', '23:36:35', 'Arrived', NULL),
('335625849', '220200802', '2200083', '6:16:46', 'Arrived', NULL),
('695885645', '220200802', '2200084', '5:01:59', 'Arrived', NULL),
('188879696', '220200301', '2200087', '11:55:46', 'Arrived', NULL),
('859545161', '220200301', '2200091', '13:51:04', 'Arrived', NULL),
('805030619', '220200802', '2200092', '1:59:45', 'Arrived', NULL),
('587516753', '220200601', '2200093', '2:38:07', 'Arrived', NULL),
('258549347', '220200301', '2200094', '6:53:55', 'Arrived', NULL),
('880502513', '220200402', '2200097', '10:26:21', 'Arrived', NULL),
('982780731', '220200301', '2200101', '22:34:10', 'Arrived', NULL),
('23535494', '220200102', '2200103', '1:24:11', 'Arrived', NULL),
('478991011', '220200102', '2200107', '19:40:39', 'Arrived', NULL),
('433294217', '220200601', '2200108', '4:19:22', 'Arrived', NULL),
('411074283', '220200402', '2200109', '12:19:38', 'Arrived', NULL),
('640612850', '220200802', '2200110', '21:08:13', 'Arrived', NULL),
('122510809', '220200402', '2200112', '22:26:38', 'Arrived', NULL),
('223712863', '220200301', '2200113', '0:40:11', 'Arrived', NULL),
('536526198', '220200402', '2200118', '8:25:43', 'Arrived', NULL),
('955102821', '220200402', '2200120', '23:55:06', 'Arrived', NULL),
('613497819', '220200601', '2200121', '18:45:09', 'Arrived', NULL),
('981698822', '220200102', '2200122', '15:41:15', 'Arrived', NULL),
('91591127', '220200301', '2200123', '23:39:26', 'Arrived', NULL),
('452399332', '220200601', '2200124', '20:28:46', 'Arrived', NULL),
('897529000', '220200402', '2200125', '19:37:21', 'Arrived', NULL),
('564906102', '220200102', '2200128', '3:43:11', 'Arrived', NULL),
('563944752', '220200102', '2200132', '17:09:09', 'Arrived', NULL),
('487991071', '220200102', '2200133', '0:25:26', 'Arrived', NULL),
('714154965', '220200601', '2200136', '20:34:23', 'Arrived', NULL),
('834643548', '220200802', '2200138', '14:06:29', 'Arrived', NULL),
('761362696', '220200301', '2200141', '6:16:15', 'Arrived', NULL),
('535328352', '220200603', '2200146', '4:54:29', 'Not Arrived', 'accident'),
('875994310', '220200402', '2200147', '9:03:28', 'Arrived', NULL),
('954904376', '220200402', '2200148', '9:32:33', 'Arrived', NULL),
('428017674', '220200402', '2200151', '5:18:53', 'Arrived', NULL),
('123096905', '220200603', '2200152', '2:07:13', 'Arrived', NULL),
('671955064', '220200402', '2200153', '3:10:48', 'Arrived', NULL),
('235197963', '220200402', '2200154', '14:50:38', 'Arrived', NULL),
('297797098', '220200603', '2200157', '14:47:21', 'Arrived', NULL),
('391071666', '220200301', '2200159', '16:40:00', 'Arrived', NULL),
('747909578', '220200102', '2200162', '13:56:28', 'Arrived', NULL),
('5759352', '220200301', '2200163', '3:10:12', 'Arrived', NULL),
('248610888', '220200402', '2200164', '3:55:15', 'Arrived', NULL),
('36946286', '220200601', '2200169', '17:47:49', 'Arrived', NULL),
('2232824', '220200601', '2200175', '9:11:56', 'Arrived', NULL),
('726136081', '220200301', '2200177', '16:22:58', 'Arrived', NULL),
('169534785', '220200601', '2200179', '0:18:52', 'Arrived', NULL),
('599265889', '220200301', '2200180', '12:11:41', 'Arrived', NULL),
('733518393', '220200802', '2200182', '16:43:10', 'Arrived', NULL),
('996231042', '220200802', '2200183', '18:37:40', 'Arrived', NULL),
('469091651', '220200802', '2200184', '12:20:18', 'Arrived', NULL),
('44993726', '220200603', '2200187', '1:45:18', 'Arrived', NULL),
('728444466', '220200102', '2200195', '18:22:13', 'Arrived', NULL),
('40541589', '220200802', '2200199', '11:11:18', 'Arrived', NULL),
('458689120', '220200102', '2200200', '19:44:40', 'Arrived', NULL),
('252295617', '220200601', '2200201', '12:25:40', 'Arrived', NULL),
('138898752', '220200402', '2200203', '14:47:56', 'Arrived', NULL),
('574170337', '220200601', '2200208', '10:36:39', 'Arrived', NULL),
('695200328', '220200603', '2200209', '10:15:26', 'Arrived', NULL),
('919877043', '220200601', '2200211', '5:42:10', 'Arrived', NULL),
('880355043', '220200802', '2200212', '22:03:33', 'Arrived', NULL),
('645634032', '220200102', '2200214', '14:48:55', 'Arrived', NULL),
('676998093', '220200601', '2200216', '8:20:12', 'Arrived', NULL),
('670110006', '220200802', '2200224', '19:22:15', 'Arrived', NULL),
('864837744', '220200402', '2200226', '6:00:55', 'Arrived', NULL),
('909572979', '220200301', '2200229', '13:16:37', 'Arrived', NULL),
('151565068', '220200601', '2200230', '23:04:43', 'Arrived', NULL),
('614693271', '220200601', '2200231', '23:36:19', 'Arrived', NULL),
('441995610', '220200601', '2200232', '6:33:17', 'Arrived', NULL),
('320675105', '220200301', '2200233', '23:27:18', 'Arrived', NULL),
('251810352', '220200802', '2200235', '14:57:54', 'Arrived', NULL),
('288330191', '220200603', '2200239', '4:52:55', 'Arrived', NULL),
('734132658', '220200603', '2200240', '8:16:43', 'Arrived', NULL),
('443861742', '220200301', '2200241', '12:46:06', 'Arrived', NULL),
('483167079', '220200603', '2200242', '22:35:41', 'Arrived', NULL),
('299973357', '220200603', '2200245', '14:43:32', 'Arrived', NULL),
('955015554', '220200603', '2200249', '17:59:44', 'Not Arrived', 'Flat Tire'),
('119288580', '220200601', '2200250', '2:52:13', 'Arrived', NULL),
('458761419', '220200402', '2200253', '15:11:48', 'Arrived', NULL),
('732034332', '220200301', '2200254', '12:53:45', 'Arrived', NULL),
('755198594', '220200402', '2200255', '10:17:04', 'Arrived', NULL),
('737478892', '220200802', '2200256', '7:27:24', 'Arrived', NULL),
('697656554', '220200301', '2200258', '22:01:12', 'Arrived', NULL),
('494513428', '220200603', '2200259', '13:33:18', 'Arrived', NULL),
('742030619', '220200402', '2200260', '5:56:38', 'Arrived', NULL),
('484326262', '220200402', '2200261', '9:49:34', 'Arrived', NULL),
('841280028', '220200402', '2200263', '4:02:54', 'Arrived', NULL),
('87497512', '220200802', '2200265', '10:41:51', 'Arrived', NULL),
('567088624', '220200603', '2200268', '14:06:53', 'Arrived', NULL),
('25945660', '220200402', '2200269', '21:59:50', 'Arrived', NULL),
('724067361', '220200802', '2200270', '23:41:45', 'Arrived', NULL),
('885634685', '220200603', '2200273', '12:35:36', 'Arrived', NULL),
('489578629', '220200601', '2200275', '8:12:14', 'Arrived', NULL),
('494802311', '220200102', '2200280', '6:28:51', 'Arrived', NULL),
('366202463', '220200603', '2200284', '17:46:17', 'Arrived', NULL),
('401379337', '220200402', '2200285', '2:39:51', 'Arrived', NULL),
('614640584', '220200301', '2200287', '15:14:59', 'Arrived', NULL),
('143484104', '220200102', '2200288', '10:27:14', 'Arrived', NULL),
('589572676', '220200102', '2200290', '19:56:54', 'Arrived', NULL),
('357631449', '220200102', '2200291', '2:54:24', 'Arrived', NULL),
('423732848', '220200601', '2200293', '21:50:12', 'Arrived', NULL),
('114450393', '220200102', '2200297', '9:36:18', 'Arrived', NULL),
('718395878', '220200301', '2200298', '22:30:42', 'Arrived', NULL),
('848473198', '220200603', '2200300', '8:14:23', 'Arrived', NULL),
('549076960', '220200802', '3200002', '12:38:14', 'Arrived', NULL),
('941810322', '220200102', '3200003', '21:34:55', 'Arrived', NULL),
('873094008', '220200802', '3200004', '11:30:01', 'Arrived', NULL),
('589137142', '220200102', '3200005', '3:40:10', 'Arrived', NULL),
('994752527', '220200802', '3200008', '22:25:31', 'Arrived', NULL),
('45438853', '220200601', '3200010', '9:54:56', 'Arrived', NULL),
('994055856', '220200802', '3200012', '10:52:20', 'Arrived', NULL),
('433099895', '220200402', '3200013', '10:40:44', 'Arrived', NULL),
('314021996', '220200301', '3200015', '14:06:42', 'Arrived', NULL),
('220694382', '220200301', '3200019', '2:43:57', 'Arrived', NULL),
('387851709', '220200402', '3200020', '13:58:00', 'Arrived', NULL),
('189777079', '220200603', '3200022', '13:15:33', 'Arrived', NULL),
('438434273', '220200102', '3200024', '1:06:45', 'Arrived', NULL),
('770524100', '220200301', '3200025', '19:53:52', 'Arrived', NULL),
('420163076', '220200102', '3200026', '22:21:02', 'Arrived', NULL),
('128122373', '220200102', '3200028', '18:09:24', 'Arrived', NULL),
('493260015', '220200402', '3200029', '16:43:37', 'Arrived', NULL),
('549677498', '220200802', '3200030', '5:57:48', 'Arrived', NULL),
('192805857', '220200301', '3200032', '19:09:18', 'Arrived', NULL),
('383431038', '220200603', '3200034', '16:50:14', 'Arrived', NULL),
('234382014', '220200601', '3200037', '8:54:10', 'Arrived', NULL),
('132250532', '220200601', '3200038', '16:31:17', 'Arrived', NULL),
('588785244', '220200603', '3200039', '12:06:22', 'Arrived', NULL),
('767421021', '220200402', '3200041', '23:23:39', 'Arrived', NULL),
('625622282', '220200301', '3200043', '14:15:42', 'Arrived', NULL),
('912324532', '220200402', '3200045', '13:39:49', 'Not Arrived', 'Missing food'),
('189026152', '220200603', '3200047', '19:03:06', 'Arrived', NULL),
('613466335', '220200402', '3200049', '20:52:53', 'Arrived', NULL),
('628386934', '220200802', '3200051', '23:21:08', 'Arrived', NULL),
('146688944', '220200603', '3200054', '17:36:27', 'Arrived', NULL),
('680186631', '220200102', '3200055', '0:31:41', 'Arrived', NULL),
('533582986', '220200402', '3200056', '1:46:11', 'Arrived', NULL),
('970889760', '220200102', '3200062', '22:16:17', 'Arrived', NULL),
('584917854', '220200102', '3200064', '21:38:18', 'Arrived', NULL),
('186414455', '220200603', '3200070', '1:42:22', 'Arrived', NULL),
('182915532', '220200802', '3200072', '10:50:28', 'Arrived', NULL),
('480577574', '220200601', '3200074', '17:39:46', 'Arrived', NULL),
('116504987', '220200301', '3200075', '11:14:17', 'Arrived', NULL),
('377042137', '220200102', '3200076', '15:00:46', 'Arrived', NULL),
('42120712', '220200102', '3200078', '10:45:46', 'Arrived', NULL),
('233093385', '220200603', '3200079', '8:13:26', 'Arrived', NULL),
('164610261', '220200802', '3200081', '10:04:37', 'Arrived', NULL),
('978985952', '220200102', '3200083', '6:27:49', 'Arrived', NULL),
('99919300', '220200802', '3200084', '14:17:08', 'Arrived', NULL),
('224242730', '220200402', '3200085', '15:55:11', 'Arrived', NULL),
('669692397', '220200802', '3200086', '4:14:27', 'Arrived', NULL),
('763172635', '220200601', '3200088', '11:00:34', 'Arrived', NULL),
('733039268', '220200802', '3200090', '17:45:48', 'Arrived', NULL),
('602039697', '220200802', '3200092', '2:40:16', 'Arrived', NULL),
('569868338', '220200601', '3200093', '14:51:16', 'Arrived', NULL),
('673284417', '220200601', '3200095', '0:37:33', 'Arrived', NULL),
('862511515', '220200301', '3200097', '1:10:40', 'Arrived', NULL),
('382247190', '220200102', '3200098', '20:13:19', 'Arrived', NULL),
('353320930', '220200301', '3200100', '9:27:59', 'Arrived', NULL),
('473525415', '220200402', '3200103', '8:06:52', 'Arrived', NULL),
('442419805', '220200102', '3200106', '20:59:26', 'Arrived', NULL),
('351689660', '220200603', '3200108', '2:37:52', 'Arrived', NULL),
('58224873', '220200603', '3200111', '19:09:19', 'Arrived', NULL),
('325505650', '220200301', '3200114', '18:41:55', 'Arrived', NULL),
('723970722', '220200301', '3200117', '18:04:40', 'Arrived', NULL),
('220156471', '220200102', '3200119', '19:59:31', 'Arrived', NULL),
('770614524', '220200301', '3200120', '14:17:30', 'Arrived', NULL),
('13582404', '220200603', '3200123', '17:49:26', 'Arrived', NULL),
('546719526', '220200601', '3200124', '11:20:57', 'Arrived', NULL),
('571171979', '220200301', '3200125', '7:07:08', 'Arrived', NULL),
('373756818', '220200102', '3200126', '14:32:24', 'Arrived', NULL),
('393872549', '220200402', '3200128', '6:36:27', 'Arrived', NULL),
('474006039', '220200301', '3200129', '22:05:23', 'Arrived', NULL),
('442626541', '220200402', '3200130', '22:49:38', 'Arrived', NULL),
('460631154', '220200301', '3200131', '18:42:58', 'Arrived', NULL),
('197020796', '220200301', '3200132', '12:26:03', 'Arrived', NULL),
('829356277', '220200301', '3200135', '13:29:58', 'Arrived', NULL),
('731043959', '220200601', '3200137', '17:14:32', 'Arrived', NULL),
('472189408', '220200802', '3200139', '2:55:50', 'Arrived', NULL),
('319724021', '220200603', '3200140', '23:12:48', 'Arrived', NULL),
('473209210', '220200603', '3200142', '20:28:14', 'Not Arrived', 'accident'),
('585417287', '220200402', '3200147', '7:16:38', 'Arrived', NULL),
('266041006', '220200802', '3200148', '8:20:24', 'Arrived', NULL),
('411327992', '220200601', '3200149', '4:06:09', 'Arrived', NULL),
('219228204', '220200402', '3200152', '17:15:24', 'Arrived', NULL),
('599542856', '220200603', '3200154', '16:04:30', 'Arrived', NULL),
('694458363', '220200301', '3200156', '3:57:41', 'Arrived', NULL),
('693045096', '220200402', '3200157', '9:09:53', 'Arrived', NULL),
('479298702', '220200601', '3200160', '11:35:21', 'Arrived', NULL),
('767355663', '220200601', '3200165', '10:01:30', 'Arrived', NULL),
('331217809', '220200102', '3200170', '13:38:43', 'Arrived', NULL),
('998539706', '220200603', '3200172', '19:34:38', 'Arrived', NULL),
('316510317', '220200601', '3200174', '15:17:56', 'Arrived', NULL),
('350070031', '220200802', '3200175', '21:30:47', 'Arrived', NULL),
('425518399', '220200402', '3200176', '8:16:35', 'Arrived', NULL),
('488479900', '220200802', '3200178', '5:45:06', 'Arrived', NULL),
('582027060', '220200102', '3200179', '6:06:18', 'Arrived', NULL),
('375900162', '220200601', '3200183', '0:31:34', 'Arrived', NULL),
('82300360', '220200102', '3200186', '10:53:16', 'Arrived', NULL),
('169198193', '220200601', '3200189', '18:51:09', 'Arrived', NULL),
('956857995', '220200802', '3200191', '4:21:20', 'Arrived', NULL),
('634407291', '220200102', '3200194', '18:45:56', 'Arrived', NULL),
('487771150', '220200603', '3200195', '17:48:27', 'Arrived', NULL),
('270099315', '220200402', '3200196', '3:13:49', 'Arrived', NULL),
('585328611', '220200802', '3200197', '16:04:29', 'Arrived', NULL),
('518983387', '220200402', '3200198', '5:25:46', 'Arrived', NULL),
('61940596', '220200802', '3200199', '21:02:27', 'Arrived', NULL),
('178869936', '220200301', '3200200', '4:04:22', 'Arrived', NULL),
('44191538', '220200603', '3200202', '17:19:00', 'Arrived', NULL),
('130878125', '220200601', '3200203', '5:02:05', 'Arrived', NULL),
('286952028', '220200601', '3200204', '7:02:45', 'Arrived', NULL),
('5829664', '220200603', '3200205', '16:08:31', 'Arrived', NULL),
('48835047', '220200402', '3200208', '23:31:51', 'Arrived', NULL),
('968825599', '220200301', '3200210', '22:46:15', 'Arrived', NULL),
('569716469', '220200402', '3200212', '21:32:39', 'Arrived', NULL),
('435706614', '220200603', '3200213', '0:53:01', 'Arrived', NULL),
('777102071', '220200402', '3200215', '7:36:53', 'Arrived', NULL),
('874830896', '220200802', '3200219', '1:17:27', 'Arrived', NULL),
('278146533', '220200603', '3200220', '3:12:47', 'Arrived', NULL),
('584421342', '220200102', '3200222', '3:33:44', 'Not Arrived', 'Flat Tire'),
('62686754', '220200402', '3200224', '14:47:00', 'Arrived', NULL),
('130600224', '220200102', '3200225', '8:10:25', 'Arrived', NULL),
('352053161', '220200102', '3200226', '13:27:15', 'Arrived', NULL),
('123981086', '220200603', '3200228', '4:19:33', 'Arrived', NULL),
('226842612', '220200802', '3200229', '16:06:59', 'Arrived', NULL),
('252102219', '220200601', '3200230', '8:07:54', 'Arrived', NULL),
('548252327', '220200301', '3200232', '22:01:45', 'Arrived', NULL),
('797273509', '220200102', '3200234', '22:25:01', 'Arrived', NULL),
('638529616', '220200102', '3200237', '22:58:07', 'Arrived', NULL),
('630826794', '220200603', '3200238', '8:16:02', 'Arrived', NULL),
('241519537', '220200802', '3200239', '4:30:55', 'Arrived', NULL),
('82828489', '220200102', '3200241', '18:51:29', 'Arrived', NULL),
('667424640', '220200802', '3200243', '20:00:02', 'Arrived', NULL),
('337330230', '220200402', '3200245', '16:01:45', 'Arrived', NULL),
('339074360', '220200802', '3200247', '23:44:59', 'Arrived', NULL),
('88199979', '220200601', '3200249', '21:17:09', 'Arrived', NULL),
('264775798', '220200802', '3200251', '15:28:33', 'Arrived', NULL),
('80643604', '220200802', '3200254', '6:20:21', 'Arrived', NULL),
('385482087', '220200601', '3200255', '12:47:23', 'Arrived', NULL),
('497712980', '220200601', '3200256', '11:08:07', 'Arrived', NULL),
('602964802', '220200301', '3200262', '4:47:20', 'Arrived', NULL),
('902527771', '220200102', '3200264', '16:46:54', 'Arrived', NULL),
('536727582', '220200301', '3200270', '18:49:01', 'Arrived', NULL),
('37388890', '220200402', '3200272', '15:03:35', 'Arrived', NULL),
('277409938', '220200102', '3200274', '3:52:54', 'Arrived', NULL),
('581630588', '220200603', '3200275', '16:59:07', 'Arrived', NULL),
('460973120', '220200603', '3200276', '0:43:19', 'Arrived', NULL),
('2642092', '220200301', '3200278', '9:00:59', 'Arrived', NULL),
('36753185', '220200301', '3200279', '0:41:10', 'Arrived', NULL),
('5930808', '220200102', '3200281', '15:28:25', 'Arrived', NULL),
('30520006', '220200301', '3200283', '17:43:17', 'Arrived', NULL),
('432607328', '220200603', '3200284', '1:28:17', 'Arrived', NULL),
('617453147', '220200601', '3200285', '21:16:47', 'Arrived', NULL),
('602928656', '220200301', '3200286', '4:17:45', 'Not Arrived', 'accident'),
('948801525', '220200102', '3200288', '23:29:30', 'Arrived', NULL),
('122082617', '220200402', '3200290', '13:36:44', 'Arrived', NULL),
('580163115', '220200301', '3200292', '20:35:26', 'Arrived', NULL),
('443753189', '220200402', '3200293', '3:53:21', 'Arrived', NULL),
('7093926', '220200301', '3200295', '16:56:24', 'Arrived', NULL),
('511559621', '220200301', '3200297', '4:00:38', 'Arrived', NULL),
('943258287', '220200301', '3200298', '19:27:22', 'Arrived', NULL),
('485562936', '220200601', '3200300', '18:19:26', 'Arrived', NULL);

INSERT INTO recipe VALUES 

('AP001', 'VG015', '158'),
('AP001', 'FL052', '16'),
('AP001', 'FD005', '16'),
('AP002', 'MT116', '110'),
('AP002', 'FL052', '11'),
('AP002', 'FD005', '11'),
('AP002', 'VG015', '55'),
('AP003', 'DY094', '40'),
('AP003', 'VG010', '80'),
('AP003', 'VG011', '40'),
('AP003', 'FG059', '40'),
('AP003', 'FL063', '40'),
('AP004', 'VG018', '66'),
('AP004', 'VG020', '66'),
('AP004', 'VG021', '66'),
('AP004', 'VG022', '132'),
('AP004', 'FL055', '66'),
('AP004', 'CB132', '66'),
('MC010', 'DY094', '8'),
('MC010', 'FG059', '48'),
('MC010', 'FD008', '6'),
('MC010', 'FL056', '48'),
('MC010', 'VG010', '16'),
('MC010', 'VG012', '48'),
('MC010', 'DY090', '16'),
('MC010', 'FL052', '6'),
('MC010', 'FL051', '6'),
('MC011', 'MT031', '52'),
('MC011', 'VG010', '52'),
('MC011', 'VG011', '52'),
('MC011', 'DY091', '52'),
('MC011', 'DY093', '13'),
('MC011', 'FL055', '26'),
('MC011', 'CB132', '52'),
('MC011', 'FL052', '13'),
('MC011', 'FL051', '13'),
('MC011', 'DY094', '13'),
('MC011', 'FD001', '4'),
('MC011', 'VG022', '52'),
('MC011', 'FD007', '52'),
('MC011', 'FD004', '52'),
('MC012', 'MT030', '99'),
('MC012', 'DY094', '17'),
('MC012', 'FG059', '99'),
('MC012', 'FD008', '12'),
('MC012', 'FL056', '99'),
('MC012', 'VG010', '33'),
('MC012', 'VG012', '99'),
('MC012', 'DY090', '33'),
('MC012', 'FL052', '12'),
('MC012', 'FL051', '12'),
('MC013', 'FL063', '9'),
('MC013', 'CB132', '136'),
('MC013', 'FD006', '17'),
('MC013', 'FD001', '6'),
('MC013', 'FL052', '9'),
('MC013', 'DY090', '17'),
('MC013', 'FL051', '9'),
('MCS014', 'MT110', '59'),
('MCS014', 'DY094', '10'),
('MCS014', 'FL052', '7'),
('MCS014', 'FL051', '7'),
('MCS015', 'MT032', '24'),
('MCS015', 'FD002', '24'),
('MCS015', 'FD006', '24'),
('MCS015', 'FL052', '3'),
('MCS015', 'FL051', '3'),
('MCS015', 'VG023', '48'),
('MCS016', 'MT112', '700'),
('MCS016', 'FL063', '7'),
('MCS016', 'FL052', '4'),
('MCS016', 'FL051', '4'),
('MCS016', 'VG011', '4'),
('MCS016', 'CB132', '84'),
('MCS016', 'DY091', '28'),
('MCS016', 'FD006', '4'),
('MCS017', 'DY094', '17'),
('MCS017', 'VG011', '9'),
('MCS017', 'MT111', '1360'),
('MCS017', 'FD008', '9'),
('MCS017', 'FL056', '68'),
('MCS017', 'FD002', '68'),
('DS020', 'DY095', '41'),
('DS021', 'FL053', '7'),
('DS021', 'FL057', '15'),
('DS021', 'FL052', '4'),
('DS021', 'DY093', '4'),
('DS021', 'CB132', '58'),
('DS021', 'DY094', '7'),
('DS022', 'DY095', '25'),
('DS022', 'FD009', '3');

INSERT INTO orderDetail VALUES 

('1200001', 'AP001', '1'),
('1200002', 'AP002', '1'),
('1200003', 'AP003', '2'),
('1200003', 'AP004', '4'),
('1200004', 'MC010', '1'),
('1200005', 'MC011', '1'),
('1200006', 'MC012', '4'),
('1200007', 'MC013', '4'),
('1200008', 'MCS014', '3'),
('1200009', 'MCS015', '4'),
('1200010', 'MCS016', '1'),
('1200011', 'MCS017', '4'),
('1200012', 'DS020', '4'),
('1200013', 'DS021', '4'),
('1200014', 'DS022', '3'),
('1200015', 'AP001', '3'),
('1200016', 'AP002', '1'),
('1200017', 'AP003', '2'),
('1200017', 'AP004', '2'),
('1200018', 'MC010', '2'),
('1200019', 'MC011', '4'),
('1200020', 'MC012', '4'),
('1200021', 'MC013', '3'),
('1200022', 'MCS014', '2'),
('1200023', 'MCS015', '4'),
('1200023', 'MCS016', '2'),
('1200024', 'MCS017', '2'),
('1200025', 'DS020', '2'),
('1200026', 'DS021', '2'),
('1200027', 'DS022', '3'),
('1200028', 'AP001', '1'),
('1200028', 'AP002', '3'),
('1200029', 'AP003', '2'),
('1200030', 'AP004', '2'),
('1200031', 'MC010', '3'),
('1200032', 'MC011', '1'),
('1200033', 'MC012', '2'),
('1200034', 'MC013', '4'),
('1200035', 'MCS014', '2'),
('1200036', 'MCS015', '3'),
('1200037', 'MCS016', '3'),
('1200038', 'MCS017', '1'),
('1200039', 'DS020', '4'),
('1200039', 'DS021', '2'),
('1200040', 'DS022', '3'),
('1200041', 'AP001', '2'),
('1200042', 'AP002', '1'),
('1200043', 'AP003', '3'),
('1200044', 'AP004', '3'),
('1200045', 'MC010', '4'),
('1200046', 'MC011', '2'),
('1200047', 'MC012', '3'),
('1200048', 'MC013', '3'),
('1200049', 'MCS014', '3'),
('1200050', 'MCS015', '3'),
('1200051', 'MCS016', '3'),
('1200052', 'MCS017', '3'),
('1200053', 'DS020', '4'),
('1200054', 'DS021', '1'),
('1200055', 'DS022', '3'),
('1200056', 'AP001', '1'),
('1200057', 'AP002', '1'),
('1200058', 'AP003', '2'),
('1200059', 'AP004', '2'),
('1200060', 'MC010', '3'),
('1200061', 'MC011', '2'),
('1200062', 'MC012', '3'),
('1200063', 'MC013', '2'),
('1200064', 'MCS014', '1'),
('1200065', 'MCS015', '4'),
('1200066', 'MCS016', '2'),
('1200066', 'MCS017', '3'),
('1200067', 'DS020', '1'),
('1200068', 'DS021', '1'),
('1200069', 'DS022', '4'),
('1200070', 'AP001', '1'),
('1200071', 'AP002', '4'),
('1200072', 'AP003', '2'),
('1200073', 'AP004', '1'),
('1200073', 'MC010', '1'),
('1200074', 'MC011', '2'),
('1200075', 'MC012', '3'),
('1200076', 'MC013', '4'),
('1200077', 'MCS014', '3'),
('1200078', 'MCS015', '1'),
('1200079', 'MCS016', '2'),
('1200080', 'MCS017', '4'),
('1200081', 'DS020', '1'),
('1200081', 'DS021', '1'),
('1200082', 'DS022', '4'),
('1200083', 'AP001', '3'),
('1200084', 'AP002', '3'),
('1200085', 'AP003', '3'),
('1200086', 'AP004', '3'),
('1200087', 'MC010', '1'),
('1200088', 'MC011', '2'),
('1200088', 'MC012', '2'),
('1200089', 'MC013', '1'),
('1200090', 'MCS014', '4'),
('1200091', 'MCS015', '2'),
('1200092', 'MCS016', '1'),
('1200093', 'MCS017', '3'),
('1200094', 'DS020', '4'),
('1200094', 'DS021', '1'),
('1200095', 'DS022', '2'),
('1200095', 'AP001', '3'),
('1200096', 'AP002', '3'),
('1200097', 'AP003', '4'),
('1200098', 'AP004', '4'),
('1200099', 'MC010', '3'),
('1200100', 'MC011', '3'),
('1200101', 'MC012', '4'),
('1200102', 'MC013', '2'),
('1200103', 'MCS014', '2'),
('1200104', 'MCS015', '4'),
('1200104', 'MCS016', '1'),
('1200105', 'MCS017', '4'),
('1200106', 'DS020', '2'),
('1200107', 'DS021', '3'),
('1200108', 'DS022', '4'),
('1200109', 'DS022', '1'),
('1200110', 'AP001', '2'),
('1200111', 'AP002', '4'),
('1200112', 'AP003', '4'),
('1200113', 'AP004', '3'),
('1200114', 'MC010', '1'),
('1200115', 'MC011', '2'),
('1200116', 'MC012', '4'),
('1200117', 'MC013', '4'),
('1200118', 'MCS014', '4'),
('1200119', 'MCS015', '1'),
('1200120', 'MCS016', '4'),
('1200121', 'MCS017', '1'),
('1200122', 'DS020', '1'),
('1200123', 'DS021', '4'),
('1200124', 'DS022', '3'),
('1200125', 'AP001', '2'),
('1200126', 'AP001', '4'),
('1200127', 'AP002', '1'),
('1200128', 'AP003', '3'),
('1200129', 'AP004', '2'),
('1200130', 'MC010', '4'),
('1200131', 'MC011', '4'),
('1200132', 'MC012', '2'),
('1200133', 'MC013', '2'),
('1200134', 'MCS014', '4'),
('1200135', 'MCS015', '1'),
('1200136', 'MCS016', '1'),
('1200137', 'MCS017', '2'),
('1200137', 'DS020', '1'),
('1200138', 'DS021', '3'),
('1200139', 'DS022', '4'),
('1200140', 'AP001', '1'),
('1200141', 'AP001', '2'),
('1200142', 'AP002', '1'),
('1200142', 'AP003', '3'),
('1200143', 'AP004', '1'),
('1200144', 'MC010', '2'),
('1200145', 'MC011', '1'),
('1200146', 'MC012', '3'),
('1200147', 'MC013', '3'),
('1200148', 'MCS014', '4'),
('1200149', 'MCS015', '4'),
('1200150', 'MCS016', '4'),
('1200150', 'MCS017', '1'),
('1200151', 'DS020', '1'),
('1200152', 'DS021', '3'),
('1200153', 'DS022', '4'),
('1200154', 'AP001', '2'),
('1200155', 'AP002', '1'),
('1200155', 'AP003', '4'),
('1200156', 'AP004', '4'),
('1200157', 'MC010', '4'),
('1200158', 'MC011', '2'),
('1200159', 'MC012', '1'),
('1200160', 'MC013', '3'),
('1200161', 'MCS014', '2'),
('1200162', 'MCS015', '3'),
('1200163', 'MCS016', '4'),
('1200164', 'MCS017', '4'),
('1200165', 'DS020', '4'),
('1200166', 'DS021', '3'),
('1200167', 'DS022', '1'),
('1200168', 'AP001', '3'),
('1200169', 'AP002', '1'),
('1200170', 'AP003', '1'),
('1200171', 'AP004', '2'),
('1200172', 'MC010', '3'),
('1200173', 'MC011', '4'),
('1200174', 'MC012', '2'),
('1200175', 'MC013', '4'),
('1200176', 'MCS014', '3'),
('1200177', 'MCS015', '4'),
('1200178', 'MCS016', '1'),
('1200179', 'MCS017', '3'),
('1200180', 'DS020', '4'),
('1200181', 'DS021', '1'),
('1200182', 'DS022', '3'),
('1200183', 'AP001', '4'),
('1200184', 'AP002', '3'),
('1200185', 'AP003', '4'),
('1200186', 'AP004', '3'),
('1200187', 'MC010', '4'),
('1200188', 'MC011', '3'),
('1200189', 'MC012', '2'),
('1200190', 'MC013', '4'),
('1200190', 'MCS014', '4'),
('1200191', 'MCS015', '1'),
('1200191', 'MCS016', '2'),
('1200192', 'MCS017', '4'),
('1200193', 'DS020', '1'),
('1200194', 'DS021', '1'),
('1200195', 'DS022', '2'),
('1200196', 'AP001', '4'),
('1200197', 'AP002', '4'),
('1200198', 'AP003', '4'),
('1200199', 'AP004', '4'),
('1200200', 'MC010', '2'),
('1200201', 'MC011', '4'),
('1200202', 'MC012', '1'),
('1200203', 'MC013', '1'),
('1200204', 'MCS014', '4'),
('1200205', 'MCS015', '2'),
('1200206', 'MCS016', '2'),
('1200206', 'MCS017', '1'),
('1200207', 'DS020', '3'),
('1200208', 'DS021', '2'),
('1200209', 'DS022', '2'),
('1200210', 'AP001', '2'),
('1200211', 'AP002', '3'),
('1200212', 'AP003', '4'),
('1200213', 'AP004', '2'),
('1200214', 'MC010', '1'),
('1200214', 'MC011', '4'),
('1200215', 'MC012', '2'),
('1200216', 'MC013', '4'),
('1200217', 'MCS014', '3'),
('1200218', 'MCS015', '2'),
('1200219', 'MCS016', '1'),
('1200220', 'MCS017', '2'),
('1200221', 'DS020', '4'),
('1200222', 'DS021', '2'),
('1200223', 'DS022', '1'),
('1200224', 'AP001', '1'),
('1200225', 'AP002', '1'),
('1200226', 'AP003', '3'),
('1200227', 'AP004', '2'),
('1200228', 'MC010', '4'),
('1200229', 'MC011', '3'),
('1200230', 'MC012', '2'),
('1200231', 'MC013', '1'),
('1200232', 'MCS014', '3'),
('1200233', 'MCS015', '2'),
('1200233', 'MCS016', '1'),
('1200234', 'MCS017', '4'),
('1200234', 'DS020', '4'),
('1200235', 'DS021', '1'),
('1200236', 'DS022', '1'),
('1200236', 'AP001', '2'),
('1200237', 'AP002', '3'),
('1200238', 'AP003', '4'),
('1200239', 'AP004', '4'),
('1200240', 'MC010', '4'),
('1200241', 'MC011', '1'),
('1200242', 'MC012', '1'),
('1200243', 'MC013', '3'),
('1200244', 'MCS014', '4'),
('1200245', 'MCS015', '2'),
('1200246', 'MCS016', '1'),
('1200246', 'MCS017', '4'),
('1200247', 'DS020', '4'),
('1200247', 'DS021', '4'),
('1200248', 'DS022', '2'),
('1200249', 'AP001', '1'),
('1200250', 'AP002', '3'),
('1200251', 'AP003', '2'),
('1200252', 'AP004', '3'),
('1200253', 'MC010', '4'),
('1200254', 'MC011', '4'),
('1200255', 'MC012', '4'),
('1200256', 'MC013', '3'),
('1200257', 'MCS014', '1'),
('1200257', 'MCS015', '3'),
('1200258', 'MCS016', '1'),
('1200259', 'MCS017', '1'),
('1200260', 'DS020', '2'),
('1200261', 'DS021', '3'),
('1200262', 'DS022', '4'),
('1200263', 'AP001', '2'),
('1200264', 'AP002', '4'),
('1200264', 'AP003', '3'),
('1200265', 'AP004', '4'),
('1200266', 'MC010', '1'),
('1200267', 'MC011', '3'),
('1200268', 'MC012', '4'),
('1200269', 'MC013', '1'),
('1200270', 'MCS014', '3'),
('1200271', 'MCS015', '3'),
('1200272', 'MCS016', '4'),
('1200273', 'MCS017', '1'),
('1200273', 'DS020', '1'),
('1200274', 'DS021', '2'),
('1200275', 'DS022', '4'),
('1200276', 'AP001', '1'),
('1200277', 'AP002', '1'),
('1200278', 'AP003', '4'),
('1200279', 'AP004', '4'),
('1200280', 'MC010', '3'),
('1200280', 'MC011', '4'),
('1200281', 'MC012', '1'),
('1200282', 'MC013', '4'),
('1200283', 'MCS014', '4'),
('1200284', 'MCS015', '4'),
('1200284', 'MCS016', '3'),
('1200285', 'MCS017', '3'),
('1200286', 'DS020', '1'),
('1200287', 'DS021', '2'),
('1200288', 'DS022', '2'),
('1200289', 'AP001', '2'),
('1200289', 'AP002', '4'),
('1200290', 'AP001', '4'),
('1200291', 'AP002', '3'),
('1200292', 'AP003', '2'),
('1200293', 'AP004', '4'),
('1200294', 'MC010', '2'),
('1200295', 'MC011', '2'),
('1200296', 'MC012', '2'),
('1200297', 'MC013', '2'),
('1200298', 'MCS014', '3'),
('1200299', 'MCS015', '1'),
('1200300', 'MCS016', '3'),
('2200001', 'MCS017', '2'),
('2200001', 'DS020', '2'),
('2200002', 'DS021', '3'),
('2200003', 'DS022', '1'),
('2200004', 'AP001', '2'),
('2200005', 'AP001', '4'),
('2200006', 'AP002', '2'),
('2200007', 'AP003', '3'),
('2200007', 'AP004', '3'),
('2200008', 'MC010', '1'),
('2200009', 'MC011', '4'),
('2200010', 'MC012', '2'),
('2200011', 'MC013', '3'),
('2200012', 'MCS014', '2'),
('2200013', 'MCS015', '1'),
('2200013', 'MCS016', '3'),
('2200014', 'MCS017', '3'),
('2200015', 'DS020', '4'),
('2200016', 'DS021', '2'),
('2200016', 'DS022', '3'),
('2200017', 'AP001', '3'),
('2200018', 'AP002', '3'),
('2200019', 'AP003', '3'),
('2200020', 'AP004', '3'),
('2200021', 'MC010', '3'),
('2200022', 'MC011', '4'),
('2200022', 'MC012', '1'),
('2200023', 'MC013', '3'),
('2200024', 'MCS014', '1'),
('2200025', 'MCS015', '1'),
('2200026', 'MCS016', '2'),
('2200027', 'MCS017', '2'),
('2200028', 'DS020', '3'),
('2200029', 'DS021', '2'),
('2200030', 'DS022', '3'),
('2200031', 'AP001', '2'),
('2200032', 'AP002', '1'),
('2200032', 'AP003', '4'),
('2200033', 'AP004', '2'),
('2200034', 'MC010', '3'),
('2200035', 'MC011', '1'),
('2200036', 'MC012', '1'),
('2200037', 'MC013', '4'),
('2200038', 'MCS014', '1'),
('2200039', 'MCS015', '4'),
('2200040', 'MCS016', '2'),
('2200041', 'MCS017', '1'),
('2200042', 'DS020', '1'),
('2200043', 'DS021', '2'),
('2200044', 'DS022', '3'),
('2200045', 'AP001', '4'),
('2200046', 'AP002', '3'),
('2200047', 'AP003', '1'),
('2200048', 'AP004', '2'),
('2200049', 'MC010', '4'),
('2200050', 'MC011', '1'),
('2200051', 'MC012', '1'),
('2200052', 'MC013', '4'),
('2200052', 'MCS014', '3'),
('2200053', 'MCS015', '3'),
('2200054', 'MCS016', '3'),
('2200054', 'MCS017', '3'),
('2200055', 'DS020', '1'),
('2200056', 'DS021', '2'),
('2200056', 'DS022', '2'),
('2200057', 'AP001', '1'),
('2200058', 'AP002', '4'),
('2200059', 'AP003', '2'),
('2200060', 'AP004', '1'),
('2200061', 'MC010', '3'),
('2200062', 'MC011', '4'),
('2200063', 'MC012', '1'),
('2200064', 'MC013', '2'),
('2200064', 'MCS014', '3'),
('2200065', 'MCS015', '3'),
('2200066', 'MCS016', '4'),
('2200067', 'MCS017', '4'),
('2200068', 'DS020', '3'),
('2200069', 'DS021', '3'),
('2200070', 'DS022', '4'),
('2200071', 'AP001', '2'),
('2200072', 'AP002', '2'),
('2200073', 'AP003', '4'),
('2200074', 'AP004', '1'),
('2200074', 'MC010', '4'),
('2200075', 'MC011', '2'),
('2200076', 'MC012', '3'),
('2200077', 'MC013', '4'),
('2200078', 'MCS014', '1'),
('2200079', 'MCS015', '2'),
('2200080', 'MCS016', '4'),
('2200081', 'MCS017', '4'),
('2200082', 'DS020', '3'),
('2200083', 'DS021', '1'),
('2200084', 'DS022', '2'),
('2200085', 'AP001', '4'),
('2200086', 'AP002', '4'),
('2200087', 'AP003', '4'),
('2200087', 'AP004', '1'),
('2200088', 'MC010', '4'),
('2200089', 'MC011', '1'),
('2200090', 'MC012', '1'),
('2200091', 'MC013', '4'),
('2200092', 'MCS014', '3'),
('2200093', 'MCS015', '2'),
('2200094', 'MCS016', '4'),
('2200095', 'MCS017', '1'),
('2200096', 'DS020', '3'),
('2200097', 'DS021', '2'),
('2200098', 'DS022', '4'),
('2200099', 'AP001', '4'),
('2200100', 'AP002', '2'),
('2200101', 'AP003', '2'),
('2200102', 'AP004', '4'),
('2200103', 'MC010', '1'),
('2200104', 'MC011', '1'),
('2200105', 'MC012', '2'),
('2200105', 'MC013', '1'),
('2200106', 'MCS014', '3'),
('2200107', 'MCS015', '4'),
('2200107', 'MCS016', '1'),
('2200108', 'MCS017', '2'),
('2200109', 'DS020', '1'),
('2200110', 'DS021', '3'),
('2200111', 'DS022', '1'),
('2200112', 'AP001', '2'),
('2200113', 'AP002', '1'),
('2200114', 'AP003', '3'),
('2200115', 'AP004', '3'),
('2200116', 'MC010', '4'),
('2200117', 'MC011', '4'),
('2200118', 'MC012', '4'),
('2200119', 'MC013', '1'),
('2200120', 'MCS014', '1'),
('2200121', 'MCS015', '3'),
('2200122', 'MCS016', '4'),
('2200123', 'MCS017', '2'),
('2200124', 'DS020', '1'),
('2200125', 'DS021', '4'),
('2200126', 'DS022', '4'),
('2200127', 'AP001', '4'),
('2200128', 'AP002', '2'),
('2200129', 'AP003', '1'),
('2200130', 'AP004', '3'),
('2200131', 'MC010', '2'),
('2200132', 'MC011', '3'),
('2200132', 'MC012', '4'),
('2200133', 'MC013', '4'),
('2200134', 'MCS014', '4'),
('2200135', 'MCS015', '3'),
('2200136', 'MCS016', '1'),
('2200137', 'MCS017', '3'),
('2200137', 'DS020', '1'),
('2200138', 'DS021', '1'),
('2200139', 'DS022', '2'),
('2200140', 'AP001', '3'),
('2200141', 'AP002', '4'),
('2200142', 'AP003', '2'),
('2200143', 'AP004', '4'),
('2200144', 'MC010', '3'),
('2200145', 'MC011', '4'),
('2200146', 'MC012', '1'),
('2200147', 'MC013', '3'),
('2200148', 'MCS014', '4'),
('2200149', 'MCS015', '1'),
('2200150', 'MCS016', '3'),
('2200151', 'MCS017', '1'),
('2200152', 'DS020', '2'),
('2200152', 'DS021', '2'),
('2200153', 'DS022', '1'),
('2200154', 'AP001', '3'),
('2200155', 'AP002', '4'),
('2200156', 'AP003', '1'),
('2200157', 'AP004', '3'),
('2200157', 'MC010', '2'),
('2200158', 'MC011', '4'),
('2200159', 'MC012', '3'),
('2200160', 'MC013', '3'),
('2200161', 'MCS014', '1'),
('2200162', 'MCS015', '4'),
('2200163', 'MCS016', '4'),
('2200164', 'MCS017', '2'),
('2200165', 'DS020', '4'),
('2200166', 'DS021', '1'),
('2200167', 'DS022', '3'),
('2200168', 'AP001', '2'),
('2200169', 'AP002', '1'),
('2200170', 'AP003', '4'),
('2200171', 'AP004', '3'),
('2200172', 'MC010', '1'),
('2200172', 'MC011', '3'),
('2200173', 'MC012', '1'),
('2200174', 'MC013', '4'),
('2200175', 'MCS014', '4'),
('2200175', 'MCS015', '1'),
('2200176', 'MCS016', '4'),
('2200176', 'MCS017', '3'),
('2200177', 'DS020', '4'),
('2200178', 'DS021', '3'),
('2200179', 'DS022', '1'),
('2200180', 'AP001', '2'),
('2200181', 'AP002', '3'),
('2200182', 'AP003', '2'),
('2200183', 'AP004', '3'),
('2200184', 'MC010', '1'),
('2200184', 'MC011', '1'),
('2200185', 'MC012', '2'),
('2200186', 'MC013', '1'),
('2200187', 'MCS014', '2'),
('2200188', 'MCS015', '3'),
('2200189', 'MCS016', '2'),
('2200190', 'MCS017', '1'),
('2200191', 'DS020', '1'),
('2200192', 'DS021', '2'),
('2200193', 'DS022', '3'),
('2200194', 'AP001', '4'),
('2200195', 'AP002', '3'),
('2200196', 'AP003', '4'),
('2200197', 'AP004', '4'),
('2200198', 'MC010', '3'),
('2200199', 'MC011', '3'),
('2200200', 'MC012', '2'),
('2200201', 'MC013', '1'),
('2200202', 'MCS014', '1'),
('2200203', 'MCS015', '4'),
('2200204', 'MCS016', '2'),
('2200205', 'MCS017', '2'),
('2200206', 'DS020', '1'),
('2200206', 'DS021', '2'),
('2200207', 'DS022', '1'),
('2200208', 'AP001', '3'),
('2200208', 'AP002', '1'),
('2200209', 'AP003', '1'),
('2200210', 'AP004', '3'),
('2200211', 'MC010', '3'),
('2200212', 'MC011', '2'),
('2200213', 'MC012', '4'),
('2200214', 'MC013', '1'),
('2200214', 'MCS014', '1'),
('2200215', 'MCS015', '3'),
('2200216', 'MCS016', '2'),
('2200216', 'MCS017', '3'),
('2200217', 'DS020', '4'),
('2200218', 'DS021', '2'),
('2200219', 'DS022', '2'),
('2200220', 'AP001', '2'),
('2200221', 'AP002', '3'),
('2200222', 'AP003', '4'),
('2200223', 'AP004', '3'),
('2200224', 'MC010', '4'),
('2200225', 'MC011', '4'),
('2200226', 'MC012', '3'),
('2200227', 'MC013', '1'),
('2200228', 'MCS014', '1'),
('2200229', 'MCS015', '3'),
('2200229', 'MCS016', '4'),
('2200230', 'MCS017', '2'),
('2200231', 'DS020', '4'),
('2200232', 'DS021', '2'),
('2200233', 'DS022', '1'),
('2200234', 'AP001', '4'),
('2200235', 'AP002', '3'),
('2200236', 'AP003', '2'),
('2200237', 'AP004', '3'),
('2200238', 'MC010', '4'),
('2200239', 'MC011', '2'),
('2200240', 'MC012', '2'),
('2200241', 'MC013', '2'),
('2200242', 'MCS014', '2'),
('2200243', 'MCS015', '1'),
('2200244', 'MCS016', '4'),
('2200245', 'MCS017', '1'),
('2200246', 'DS020', '1'),
('2200247', 'DS021', '3'),
('2200248', 'DS022', '2'),
('2200249', 'AP001', '4'),
('2200250', 'AP002', '1'),
('2200251', 'AP003', '4'),
('2200252', 'AP004', '2'),
('2200253', 'MC010', '3'),
('2200253', 'MC011', '4'),
('2200254', 'MC012', '3'),
('2200255', 'MC013', '3'),
('2200256', 'MCS014', '1'),
('2200257', 'MCS015', '3'),
('2200258', 'MCS016', '2'),
('2200259', 'MCS017', '1'),
('2200259', 'DS020', '4'),
('2200260', 'DS021', '1'),
('2200260', 'DS022', '3'),
('2200261', 'AP001', '4'),
('2200262', 'AP002', '2'),
('2200263', 'AP003', '4'),
('2200264', 'AP004', '2'),
('2200265', 'MC010', '4'),
('2200266', 'MC011', '3'),
('2200267', 'MC012', '4'),
('2200267', 'MC013', '2'),
('2200268', 'MCS014', '1'),
('2200269', 'MCS015', '4'),
('2200270', 'MCS016', '4'),
('2200271', 'MCS017', '2'),
('2200272', 'DS020', '3'),
('2200273', 'DS021', '1'),
('2200274', 'DS022', '3'),
('2200275', 'AP001', '2'),
('2200276', 'AP002', '4'),
('2200277', 'AP003', '1'),
('2200278', 'AP004', '3'),
('2200279', 'MC010', '3'),
('2200280', 'MC011', '4'),
('2200280', 'MC012', '2'),
('2200281', 'MC013', '1'),
('2200282', 'MCS014', '1'),
('2200283', 'MCS015', '4'),
('2200283', 'MCS016', '2'),
('2200284', 'MCS017', '2'),
('2200285', 'DS020', '2'),
('2200286', 'DS021', '1'),
('2200287', 'DS022', '3'),
('2200288', 'AP001', '4'),
('2200289', 'AP002', '1'),
('2200290', 'AP003', '3'),
('2200291', 'AP004', '2'),
('2200292', 'MC010', '4'),
('2200293', 'MC011', '4'),
('2200294', 'MC012', '1'),
('2200295', 'MC013', '1'),
('2200295', 'MCS014', '2'),
('2200296', 'MCS015', '4'),
('2200297', 'MCS016', '1'),
('2200298', 'MCS017', '1'),
('2200299', 'DS020', '4'),
('2200300', 'DS021', '4'),
('3200001', 'DS022', '3'),
('3200002', 'AP001', '4'),
('3200002', 'AP002', '1'),
('3200003', 'AP003', '4'),
('3200004', 'AP004', '4'),
('3200005', 'MC010', '4'),
('3200006', 'MC011', '3'),
('3200007', 'MC012', '3'),
('3200008', 'MC013', '1'),
('3200009', 'MCS014', '2'),
('3200010', 'MCS015', '2'),
('3200011', 'MCS016', '2'),
('3200012', 'MCS017', '4'),
('3200013', 'DS020', '4'),
('3200014', 'DS021', '3'),
('3200015', 'DS022', '2'),
('3200016', 'AP001', '4'),
('3200017', 'AP002', '2'),
('3200018', 'AP003', '2'),
('3200019', 'AP004', '2'),
('3200019', 'MC010', '2'),
('3200020', 'MC011', '3'),
('3200021', 'MC012', '1'),
('3200022', 'MC013', '3'),
('3200023', 'MCS014', '2'),
('3200024', 'MCS015', '2'),
('3200025', 'MCS016', '3'),
('3200026', 'MCS017', '1'),
('3200027', 'DS020', '2'),
('3200028', 'DS021', '4'),
('3200029', 'DS022', '2'),
('3200030', 'AP001', '3'),
('3200031', 'AP002', '3'),
('3200032', 'AP003', '1'),
('3200033', 'AP004', '4'),
('3200034', 'MC010', '2'),
('3200034', 'MC011', '3'),
('3200035', 'MC012', '2'),
('3200036', 'MC013', '1'),
('3200037', 'MCS014', '3'),
('3200038', 'MCS015', '3'),
('3200039', 'MCS016', '4'),
('3200040', 'MCS017', '2'),
('3200041', 'DS020', '3'),
('3200042', 'DS021', '3'),
('3200043', 'DS022', '3'),
('3200044', 'AP001', '3'),
('3200045', 'AP002', '3'),
('3200045', 'AP003', '3'),
('3200046', 'AP004', '4'),
('3200047', 'MC010', '1'),
('3200047', 'MC011', '3'),
('3200048', 'MC012', '1'),
('3200049', 'MC013', '1'),
('3200050', 'MCS014', '2'),
('3200050', 'MCS015', '2'),
('3200051', 'MCS016', '3'),
('3200052', 'MCS017', '2'),
('3200052', 'DS020', '3'),
('3200053', 'DS021', '2'),
('3200054', 'DS022', '1'),
('3200055', 'AP001', '4'),
('3200056', 'AP002', '2'),
('3200057', 'AP003', '3'),
('3200058', 'AP004', '1'),
('3200059', 'MC010', '1'),
('3200060', 'MC011', '4'),
('3200061', 'MC012', '1'),
('3200062', 'MC013', '4'),
('3200063', 'MCS014', '2'),
('3200064', 'MCS015', '1'),
('3200065', 'MCS016', '1'),
('3200066', 'MCS017', '2'),
('3200067', 'DS020', '3'),
('3200068', 'DS021', '4'),
('3200069', 'DS022', '3'),
('3200070', 'AP001', '1'),
('3200071', 'AP002', '2'),
('3200072', 'AP003', '4'),
('3200073', 'AP004', '1'),
('3200074', 'MC010', '1'),
('3200075', 'MC011', '4'),
('3200076', 'MC012', '3'),
('3200077', 'MC013', '3'),
('3200078', 'MCS014', '3'),
('3200079', 'MCS015', '3'),
('3200079', 'MCS016', '1'),
('3200080', 'MCS017', '2'),
('3200081', 'DS020', '2'),
('3200082', 'DS021', '1'),
('3200083', 'DS022', '4'),
('3200084', 'AP001', '2'),
('3200085', 'AP002', '1'),
('3200086', 'AP003', '3'),
('3200087', 'AP004', '4'),
('3200088', 'MC010', '1'),
('3200089', 'MC011', '2'),
('3200090', 'MC012', '3'),
('3200091', 'MC013', '3'),
('3200092', 'MCS014', '4'),
('3200093', 'MCS015', '4'),
('3200094', 'MCS016', '3'),
('3200095', 'MCS017', '3'),
('3200096', 'DS020', '4'),
('3200097', 'DS021', '2'),
('3200097', 'DS022', '2'),
('3200098', 'AP001', '4'),
('3200099', 'AP002', '1'),
('3200100', 'AP003', '4'),
('3200101', 'AP004', '2'),
('3200102', 'MC010', '3'),
('3200103', 'MC011', '4'),
('3200104', 'MC012', '1'),
('3200105', 'MC013', '2'),
('3200106', 'MCS014', '4'),
('3200106', 'MCS015', '4'),
('3200107', 'MCS016', '3'),
('3200108', 'MCS017', '1'),
('3200109', 'DS020', '2'),
('3200109', 'DS021', '4'),
('3200110', 'DS022', '4'),
('3200110', 'AP001', '4'),
('3200111', 'AP002', '1'),
('3200112', 'AP003', '4'),
('3200113', 'AP004', '1'),
('3200114', 'MC010', '1'),
('3200115', 'MC011', '4'),
('3200116', 'MC012', '3'),
('3200117', 'MC013', '2'),
('3200118', 'MCS014', '4'),
('3200118', 'MCS015', '1'),
('3200119', 'MCS016', '3'),
('3200120', 'MCS017', '2'),
('3200121', 'DS020', '4'),
('3200122', 'DS021', '4'),
('3200123', 'DS022', '2'),
('3200124', 'AP001', '2'),
('3200125', 'AP002', '4'),
('3200126', 'AP003', '1'),
('3200127', 'AP004', '1'),
('3200128', 'MC010', '2'),
('3200129', 'MC011', '1'),
('3200130', 'MC012', '3'),
('3200131', 'MC013', '4'),
('3200132', 'MCS014', '1'),
('3200133', 'MCS015', '2'),
('3200134', 'MCS016', '1'),
('3200135', 'MCS017', '3'),
('3200136', 'DS020', '1'),
('3200137', 'DS021', '2'),
('3200138', 'DS022', '1'),
('3200139', 'AP001', '3'),
('3200140', 'AP002', '3'),
('3200141', 'AP003', '4'),
('3200142', 'AP004', '4'),
('3200143', 'MC010', '4'),
('3200144', 'MC011', '1'),
('3200145', 'MC012', '1'),
('3200145', 'MC013', '3'),
('3200146', 'MCS014', '4'),
('3200147', 'MCS015', '2'),
('3200148', 'MCS016', '1'),
('3200149', 'MCS017', '4'),
('3200150', 'DS020', '4'),
('3200151', 'DS021', '4'),
('3200152', 'DS022', '2'),
('3200153', 'AP001', '1'),
('3200154', 'AP002', '3'),
('3200155', 'AP003', '2'),
('3200156', 'AP004', '3'),
('3200157', 'MC010', '4'),
('3200158', 'MC011', '4'),
('3200159', 'MC012', '4'),
('3200160', 'MC013', '3'),
('3200161', 'MCS014', '1'),
('3200161', 'MCS015', '3'),
('3200162', 'MCS016', '1'),
('3200162', 'MCS017', '1'),
('3200163', 'DS020', '2'),
('3200164', 'DS021', '3'),
('3200165', 'DS022', '4'),
('3200166', 'AP001', '2'),
('3200167', 'AP002', '4'),
('3200168', 'AP003', '3'),
('3200169', 'AP004', '4'),
('3200169', 'MC010', '1'),
('3200170', 'MC011', '3'),
('3200171', 'MC012', '4'),
('3200172', 'MC013', '1'),
('3200173', 'MCS014', '3'),
('3200174', 'MCS015', '3'),
('3200175', 'MCS016', '4'),
('3200176', 'MCS017', '3'),
('3200177', 'DS020', '4'),
('3200178', 'DS021', '3'),
('3200179', 'DS022', '4'),
('3200180', 'AP001', '3'),
('3200181', 'AP002', '2'),
('3200182', 'AP003', '4'),
('3200183', 'AP004', '4'),
('3200184', 'MC010', '1'),
('3200185', 'MC011', '2'),
('3200186', 'MC012', '4'),
('3200187', 'MC013', '1'),
('3200187', 'MCS014', '1'),
('3200188', 'MCS015', '2'),
('3200189', 'MCS016', '4'),
('3200190', 'MCS017', '4'),
('3200191', 'DS020', '4'),
('3200191', 'DS021', '4'),
('3200192', 'DS022', '2'),
('3200193', 'AP001', '4'),
('3200194', 'AP002', '1'),
('3200195', 'AP003', '1'),
('3200196', 'AP004', '4'),
('3200197', 'MC010', '2'),
('3200198', 'MC011', '2'),
('3200199', 'MC012', '1'),
('3200200', 'MC013', '3'),
('3200201', 'MCS014', '2'),
('3200202', 'MCS015', '2'),
('3200203', 'MCS016', '2'),
('3200204', 'MCS017', '3'),
('3200205', 'DS020', '4'),
('3200206', 'DS021', '2'),
('3200207', 'DS022', '1'),
('3200208', 'AP001', '4'),
('3200209', 'AP002', '2'),
('3200210', 'AP003', '4'),
('3200210', 'AP004', '3'),
('3200211', 'MC010', '2'),
('3200212', 'MC011', '1'),
('3200213', 'MC012', '2'),
('3200213', 'MC013', '4'),
('3200214', 'MCS014', '2'),
('3200214', 'MCS015', '1'),
('3200215', 'MCS016', '1'),
('3200216', 'MCS017', '1'),
('3200217', 'DS020', '3'),
('3200218', 'DS021', '2'),
('3200219', 'DS022', '4'),
('3200219', 'AP001', '3'),
('3200220', 'AP002', '2'),
('3200221', 'AP003', '1'),
('3200222', 'AP004', '3'),
('3200223', 'MC010', '2'),
('3200224', 'MC011', '1'),
('3200225', 'MC012', '4'),
('3200226', 'MC013', '4'),
('3200227', 'MCS014', '1'),
('3200228', 'MCS015', '1'),
('3200229', 'MCS016', '2'),
('3200230', 'MCS017', '3'),
('3200230', 'DS020', '4'),
('3200231', 'DS021', '4'),
('3200232', 'DS022', '4'),
('3200233', 'AP001', '1'),
('3200234', 'AP002', '1'),
('3200235', 'AP003', '3'),
('3200236', 'AP004', '4'),
('3200237', 'MC010', '2'),
('3200238', 'MC011', '1'),
('3200239', 'MC012', '4'),
('3200240', 'MC013', '4'),
('3200241', 'MCS014', '4'),
('3200242', 'MCS015', '2'),
('3200243', 'MCS016', '1'),
('3200244', 'MCS017', '3'),
('3200245', 'DS020', '2'),
('3200246', 'DS021', '3'),
('3200247', 'DS022', '4'),
('3200247', 'AP001', '4'),
('3200248', 'AP002', '4'),
('3200249', 'AP003', '3'),
('3200250', 'AP004', '1'),
('3200251', 'MC010', '3'),
('3200252', 'MC011', '1'),
('3200253', 'MC012', '1'),
('3200254', 'MC013', '2'),
('3200255', 'MCS014', '3'),
('3200256', 'MCS015', '4'),
('3200257', 'MCS016', '2'),
('3200258', 'MCS017', '4'),
('3200259', 'DS020', '3'),
('3200259', 'DS021', '4'),
('3200260', 'DS022', '1'),
('3200261', 'AP001', '3'),
('3200262', 'AP002', '4'),
('3200263', 'AP003', '1'),
('3200264', 'AP004', '3'),
('3200265', 'MC010', '3'),
('3200266', 'MC011', '4'),
('3200267', 'MC012', '1'),
('3200268', 'MC013', '1'),
('3200269', 'MCS014', '2'),
('3200270', 'MCS015', '4'),
('3200271', 'MCS016', '1'),
('3200272', 'MCS017', '1'),
('3200273', 'DS020', '4'),
('3200274', 'DS021', '4'),
('3200275', 'DS022', '3'),
('3200276', 'AP001', '4'),
('3200277', 'AP002', '1'),
('3200278', 'AP003', '4'),
('3200279', 'AP004', '4'),
('3200279', 'MC010', '4'),
('3200280', 'MC011', '3'),
('3200281', 'MC012', '3'),
('3200281', 'MC013', '1'),
('3200282', 'MCS014', '2'),
('3200283', 'MCS015', '2'),
('3200284', 'MCS016', '2'),
('3200285', 'MCS017', '4'),
('3200285', 'DS020', '4'),
('3200286', 'DS021', '3'),
('3200287', 'DS022', '2'),
('3200288', 'AP001', '4'),
('3200289', 'AP002', '2'),
('3200290', 'AP003', '2'),
('3200291', 'AP004', '2'),
('3200291', 'MC010', '2'),
('3200292', 'MC011', '3'),
('3200293', 'MC012', '1'),
('3200294', 'MC013', '3'),
('3200295', 'MCS014', '2'),
('3200296', 'MCS015', '2'),
('3200297', 'MCS016', '3'),
('3200297', 'MCS017', '1'),
('3200298', 'DS020', '2'),
('3200298', 'DS021', '4'),
('3200299', 'DS022', '2'),
('3200300', 'AP001', '3'),
('3200300', 'AP002', '1');


